#
# A fatal error has been detected by the Java Runtime Environment:
#
#  SIGBUS (0xa) at pc=0x000000013fe512ac, pid=25230, tid=259
#
# JRE version: OpenJDK Runtime Environment (25.0.2+10) (build 25.0.2+10-69)
# Java VM: OpenJDK 64-Bit Server VM (25.0.2+10-69, mixed mode, sharing, tiered, compressed oops, compressed class ptrs, g1 gc, bsd-aarch64)
# Problematic frame:
# C  [libMoltenVK.dylib+0x592ac]
#
# No core dump will be written. Core dumps have been disabled. To enable core dumping, try "ulimit -c unlimited" before starting Java again
#
# If you would like to submit a bug report, please visit:
#   https://bugreport.java.com/bugreport/crash.jsp
# The crash happened outside the Java Virtual Machine in native code.
# See problematic frame for where to report the bug.
#

---------------  S U M M A R Y ------------

Command Line: -Dfile.encoding=UTF-8 -Duser.country=US -Duser.language=en -Duser.variant countour.stacking.TemplateProgramKt

Host: "Mac15,6" arm64, 11 cores, 18G, Darwin 25.5.0, macOS 26.5 (25F71)
Time: Sun May 31 13:48:45 2026 CEST elapsed time: 2.112732 seconds (0d 0h 0m 2s)

---------------  T H R E A D  ---------------

Current thread (0x00000001058960f0):  JavaThread "main"             [_thread_in_native, id=259, stack(0x000000016a684000,0x000000016ae80000) (8176K)]

Stack: [0x000000016a684000,0x000000016ae80000],  sp=0x000000016ae73ac0,  free space=8126k
Native frames: (J=compiled Java code, j=interpreted, Vv=VM code, C=native code)
C  [libMoltenVK.dylib+0x592ac]
C  [libMoltenVK.dylib+0x5cf60]
C  [libMoltenVK.dylib+0x5d39c]
C  [libMoltenVK.dylib+0xaf088]
C  [libMoltenVK.dylib+0xad8f0]
C  [libMoltenVK.dylib+0xabcb8]
C  [libMoltenVK.dylib+0xac0c8]
C  [libMoltenVK.dylib+0x1895c]
C  [libGLESv2.dylib+0x3c6a0]  rx::vk::CommandQueue::queueSubmitLocked(rx::vk::ErrorContext*, egl::ContextPriority, VkSubmitInfo const&, rx::vk::DeviceScoped<rx::vk::CommandBatch>&, rx::QueueSerial const&)+0x1d8
C  [libGLESv2.dylib+0x3c358]  rx::vk::CommandQueue::submitCommands(rx::vk::ErrorContext*, rx::vk::ProtectionType, egl::ContextPriority, VkSemaphore_T*, std::__Cr::shared_ptr<rx::vk::ExternalFence>&&, std::__Cr::vector<VkImageMemoryBarrier, std::__Cr::allocator<VkImageMemoryBarrier>>&&, rx::QueueSerial const&)+0x2e0
C  [libGLESv2.dylib+0x106930]  rx::vk::Renderer::submitCommands(rx::vk::ErrorContext*, rx::vk::ProtectionType, egl::ContextPriority, rx::vk::Semaphore const*, std::__Cr::shared_ptr<rx::vk::ExternalFence> const*, std::__Cr::vector<VkImageMemoryBarrier, std::__Cr::allocator<VkImageMemoryBarrier>>&&, rx::QueueSerial const&)+0x5c
C  [libGLESv2.dylib+0x4999c]  rx::ContextVk::submitCommands(rx::vk::Semaphore const*, std::__Cr::shared_ptr<rx::vk::ExternalFence> const*, rx::ContextVk::Submit)+0x140
C  [libGLESv2.dylib+0x466c0]  rx::ContextVk::flushAndSubmitCommands(rx::vk::Semaphore const*, std::__Cr::shared_ptr<rx::vk::ExternalFence> const*, rx::RenderPassClosureReason)+0x3bc
C  [libGLESv2.dylib+0x44cc0]  rx::ContextVk::finishImpl(rx::RenderPassClosureReason)+0xac
C  [libGLESv2.dylib+0x468e8]  rx::ContextVk::finish(gl::Context const*)+0x98
C  [libGLESv2.dylib+0x12cc8]  GL_Finish+0x30
J 2540  org.lwjgl.opengles.GLES20.glFinish()V (0 bytes) @ 0x000000011c1b629c [0x000000011c1b6200+0x000000000000009c]
J 2553 c1 org.openrndr.internal.gl3.DriverGL3.finish()V (61 bytes) @ 0x00000001149b7b3c [0x00000001149b7900+0x000000000000023c]
j  org.openrndr.internal.ExpansionDrawer.renderFillCommands(Lorg/openrndr/draw/DrawContext;Lorg/openrndr/draw/DrawStyle;Ljava/util/List;D)V+1161
j  org.openrndr.internal.ExpansionDrawer.renderFill(Lorg/openrndr/draw/DrawContext;Lorg/openrndr/draw/DrawStyle;Ljava/util/List;ZD)V+248
j  org.openrndr.internal.QualityPolygonDrawer.drawPolygon(Lorg/openrndr/draw/DrawContext;Lorg/openrndr/draw/DrawStyle;Ljava/util/List;Ljava/util/List;D)V+133
j  org.openrndr.draw.Drawer.shape(Lorg/openrndr/shape/Shape;)V+440
j  countour.stacking.TemplateProgramKt$main$1$2.invokeSuspend$lambda$1$0$0(Lorg/openrndr/Program;IDLorg/openrndr/shape/Rectangle;Lorg/openrndr/draw/Drawer;)Lkotlin/Unit;+261
j  countour.stacking.TemplateProgramKt$main$1$2$$Lambda+0x0000007c0120c858.invoke(Ljava/lang/Object;)Ljava/lang/Object;+20
j  org.openrndr.draw.DrawerKt.isolated(Lorg/openrndr/draw/Drawer;Lkotlin/jvm/functions/Function1;)V+24
j  countour.stacking.TemplateProgramKt$main$1$2.invokeSuspend$lambda$1$0(Lorg/openrndr/Program;IDLorg/openrndr/shape/Rectangle;Lorg/openrndr/draw/Drawer;)Lkotlin/Unit;+172
j  countour.stacking.TemplateProgramKt$main$1$2$$Lambda+0x0000007c01202840.invoke(Ljava/lang/Object;)Ljava/lang/Object;+20
j  org.openrndr.draw.DrawerKt.isolated(Lorg/openrndr/draw/Drawer;Lkotlin/jvm/functions/Function1;)V+24
j  countour.stacking.TemplateProgramKt$main$1$2.invokeSuspend$lambda$1(DIIDLorg/openrndr/shape/Rectangle;Lorg/openrndr/Program;)Lkotlin/Unit;+192
j  countour.stacking.TemplateProgramKt$main$1$2$$Lambda+0x0000007c011f9f68.invoke(Ljava/lang/Object;)Ljava/lang/Object;+24
j  org.openrndr.ProgramImplementation$extend$functionExtension$2.beforeDraw(Lorg/openrndr/draw/Drawer;Lorg/openrndr/Program;)V+24
j  org.openrndr.ProgramImplementation.drawImpl()V+250
j  org.openrndr.internal.gl3.ApplicationGLFWGL3.drawFrame()Ljava/lang/Throwable;+141
j  org.openrndr.internal.gl3.ApplicationGLFWGL3.loop()V+880
j  org.openrndr.Application.run$openrndr_application()V+20
j  org.openrndr.ApplicationBuilderKt.application(Lkotlin/jvm/functions/Function1;)V+56
j  countour.stacking.TemplateProgramKt.main()V+5
j  countour.stacking.TemplateProgramKt.main([Ljava/lang/String;)V+0
v  ~StubRoutines::call_stub 0x000000011bb84154
V  [libjvm.dylib+0x4d3324]  JavaCalls::call_helper(JavaValue*, methodHandle const&, JavaCallArguments*, JavaThread*)+0x3dc
V  [libjvm.dylib+0x55577c]  jni_invoke_static(JNIEnv_*, JavaValue*, _jobject*, JNICallType, _jmethodID*, JNI_ArgumentPusher*, JavaThread*)+0x174
V  [libjvm.dylib+0x559180]  jni_CallStaticVoidMethod+0xfc
C  [libjli.dylib+0xac68]  JavaMain+0x918
C  [libjli.dylib+0xd990]  __JVMInit_block_invoke+0x48
C  [Foundation+0x3e16c]  __NSBLOCKOPERATION_IS_CALLING_OUT_TO_A_BLOCK__+0x18
C  [Foundation+0x3e03c]  -[NSBlockOperation main]+0x58
C  [Foundation+0x3dfdc]  __NSOPERATION_IS_INVOKING_MAIN__+0x10
C  [Foundation+0x3d3e8]  -[NSOperation start]+0x280
C  [Foundation+0x78adc]  __NSThreadPerformPerform+0x108
C  [CoreFoundation+0x7df30]  __CFRUNLOOP_IS_CALLING_OUT_TO_A_SOURCE0_PERFORM_FUNCTION__+0x1c
C  [CoreFoundation+0x7dec4]  __CFRunLoopDoSource0+0xac
C  [CoreFoundation+0x7dc30]  __CFRunLoopDoSources0+0xe8
C  [CoreFoundation+0x7c854]  __CFRunLoopRun+0x334
C  [CoreFoundation+0x14f1c4]  _CFRunLoopRunSpecificWithOptions+0x214
C  [libjli.dylib+0xcf7c]  CreateExecutionEnvironment+0x19c
C  [libjli.dylib+0x8a34]  JLI_Launch+0x230
C  [java+0x3ba0]  main+0x194
C  [dyld+0x1fe00]  start+0x1b50
Java frames: (J=compiled Java code, j=interpreted, Vv=VM code)
J 2540  org.lwjgl.opengles.GLES20.glFinish()V (0 bytes) @ 0x000000011c1b626c [0x000000011c1b6200+0x000000000000006c]
J 2553 c1 org.openrndr.internal.gl3.DriverGL3.finish()V (61 bytes) @ 0x00000001149b7b3c [0x00000001149b7900+0x000000000000023c]
j  org.openrndr.internal.ExpansionDrawer.renderFillCommands(Lorg/openrndr/draw/DrawContext;Lorg/openrndr/draw/DrawStyle;Ljava/util/List;D)V+1161
j  org.openrndr.internal.ExpansionDrawer.renderFill(Lorg/openrndr/draw/DrawContext;Lorg/openrndr/draw/DrawStyle;Ljava/util/List;ZD)V+248
j  org.openrndr.internal.QualityPolygonDrawer.drawPolygon(Lorg/openrndr/draw/DrawContext;Lorg/openrndr/draw/DrawStyle;Ljava/util/List;Ljava/util/List;D)V+133
j  org.openrndr.draw.Drawer.shape(Lorg/openrndr/shape/Shape;)V+440
j  countour.stacking.TemplateProgramKt$main$1$2.invokeSuspend$lambda$1$0$0(Lorg/openrndr/Program;IDLorg/openrndr/shape/Rectangle;Lorg/openrndr/draw/Drawer;)Lkotlin/Unit;+261
j  countour.stacking.TemplateProgramKt$main$1$2$$Lambda+0x0000007c0120c858.invoke(Ljava/lang/Object;)Ljava/lang/Object;+20
j  org.openrndr.draw.DrawerKt.isolated(Lorg/openrndr/draw/Drawer;Lkotlin/jvm/functions/Function1;)V+24
j  countour.stacking.TemplateProgramKt$main$1$2.invokeSuspend$lambda$1$0(Lorg/openrndr/Program;IDLorg/openrndr/shape/Rectangle;Lorg/openrndr/draw/Drawer;)Lkotlin/Unit;+172
j  countour.stacking.TemplateProgramKt$main$1$2$$Lambda+0x0000007c01202840.invoke(Ljava/lang/Object;)Ljava/lang/Object;+20
j  org.openrndr.draw.DrawerKt.isolated(Lorg/openrndr/draw/Drawer;Lkotlin/jvm/functions/Function1;)V+24
j  countour.stacking.TemplateProgramKt$main$1$2.invokeSuspend$lambda$1(DIIDLorg/openrndr/shape/Rectangle;Lorg/openrndr/Program;)Lkotlin/Unit;+192
j  countour.stacking.TemplateProgramKt$main$1$2$$Lambda+0x0000007c011f9f68.invoke(Ljava/lang/Object;)Ljava/lang/Object;+24
j  org.openrndr.ProgramImplementation$extend$functionExtension$2.beforeDraw(Lorg/openrndr/draw/Drawer;Lorg/openrndr/Program;)V+24
j  org.openrndr.ProgramImplementation.drawImpl()V+250
j  org.openrndr.internal.gl3.ApplicationGLFWGL3.drawFrame()Ljava/lang/Throwable;+141
j  org.openrndr.internal.gl3.ApplicationGLFWGL3.loop()V+880
j  org.openrndr.Application.run$openrndr_application()V+20
j  org.openrndr.ApplicationBuilderKt.application(Lkotlin/jvm/functions/Function1;)V+56
j  countour.stacking.TemplateProgramKt.main()V+5
j  countour.stacking.TemplateProgramKt.main([Ljava/lang/String;)V+0
v  ~StubRoutines::call_stub 0x000000011bb84154

siginfo: si_signo: 10 (SIGBUS), si_code: 1 (BUS_ADRALN), si_addr: 0x000000014fa0c000

Registers:
 x0=0x000000014fa00000  x1=0x000000020099471e  x2=0x0000000000000000  x3=0x0000000a6c867298
 x4=0x0000000a6c867270  x5=0x0000000000000000  x6=0x0000000a6c9e40c0  x7=0xfffff0003ffff800
 x8=0x0000000000000000  x9=0x000000000000308c x10=0x000000014fa00000 x11=0x0000000000003080
x12=0x000000014fa0c020 x13=0x0000000000000080 x14=0x010000013eb90c85 x15=0x000000013eb90c80
x16=0x000000013eb90c80 x17=0x00000001ab05eee8 x18=0x0000000000000000 x19=0x000000016ae73bb0
x20=0x0000000a67be4500 x21=0x0000000a6c9e4080 x22=0x0000000a6c9e40c0 x23=0x000000016ae759c8
x24=0x0000000000000000 x25=0x0000000a691552c0 x26=0x0000000000000000 x27=0x0000000000000001
x28=0x000000016ae762d0  fp=0x000000016ae73b30  lr=0x000000013fe51258  sp=0x000000016ae73ac0
pc=0x000000013fe512ac cpsr=0x0000000020001000

Register to memory mapping:

x0 =0x000000014fa00000 points into unknown readable memory: 0x0000000100000000 | 00 00 00 00 01 00 00 00
x1 =0x000000020099471e points into unknown readable memory: 76 69
x2 =0x0 is null
x3 =0x0000000a6c867298 points into unknown readable memory: 0x0000000000000000 | 00 00 00 00 00 00 00 00
x4 =0x0000000a6c867270 points into unknown readable memory: 0x00000001f2027908 | 08 79 02 f2 01 00 00 00
x5 =0x0 is null
x6 =0x0000000a6c9e40c0 points into unknown readable memory: 0x00000001402d62d8 | d8 62 2d 40 01 00 00 00
x7 =0xfffff0003ffff800 is an unknown value
x8 =0x0 is null
x9 =0x000000000000308c is an unknown value
x10=0x000000014fa00000 points into unknown readable memory: 0x0000000100000000 | 00 00 00 00 01 00 00 00
x11=0x0000000000003080 is an unknown value
x12=0x000000014fa0c020 points into unknown readable memory: 0x000000003f800000 | 00 00 80 3f 00 00 00 00
x13=0x0000000000000080 is an unknown value
x14=0x010000013eb90c85: OBJC_CLASS_$_AGXG15XFamilyBuffer+0x5 in /System/Library/Extensions/AGXMetalG15X_M1.bundle/Contents/MacOS/AGXMetalG15X_M1 at 0x000000013e2f0000
x15=0x000000013eb90c80: OBJC_CLASS_$_AGXG15XFamilyBuffer+0 in /System/Library/Extensions/AGXMetalG15X_M1.bundle/Contents/MacOS/AGXMetalG15X_M1 at 0x000000013e2f0000
x16=0x000000013eb90c80: OBJC_CLASS_$_AGXG15XFamilyBuffer+0 in /System/Library/Extensions/AGXMetalG15X_M1.bundle/Contents/MacOS/AGXMetalG15X_M1 at 0x000000013e2f0000
x17=0x00000001ab05eee8: -[IOGPUMetalResource virtualAddress]+0 in /System/Library/PrivateFrameworks/IOGPU.framework/Versions/A/IOGPU at 0x00000001ab048000
x18=0x0 is null
x19=0x000000016ae73bb0 is pointing into the stack for thread: 0x00000001058960f0
x20=0x0000000a67be4500 points into unknown readable memory: 0x00000001402d11c0 | c0 11 2d 40 01 00 00 00
x21=0x0000000a6c9e4080 points into unknown readable memory: 0x00000001402d62d8 | d8 62 2d 40 01 00 00 00
x22=0x0000000a6c9e40c0 points into unknown readable memory: 0x00000001402d62d8 | d8 62 2d 40 01 00 00 00
x23=0x000000016ae759c8 is pointing into the stack for thread: 0x00000001058960f0
x24=0x0 is null
x25=0x0000000a691552c0 points into unknown readable memory: 0x00000001402d25f8 | f8 25 2d 40 01 00 00 00
x26=0x0 is null
x27=0x0000000000000001 is an unknown value
x28=0x000000016ae762d0 is pointing into the stack for thread: 0x00000001058960f0
 fp=0x000000016ae73b30 is pointing into the stack for thread: 0x00000001058960f0
 lr=0x000000013fe51258: <offset 0x59258> in /Users/moritzlindner/programming/private/wallpapers_and_stuff/libMoltenVK.dylib at 0x000000013fdf8000
 sp=0x000000016ae73ac0 is pointing into the stack for thread: 0x00000001058960f0

Top of Stack: (sp=0x000000016ae73ac0)
0x000000016ae73ac0:   0000000000000000 0000000000000000   ................
0x000000016ae73ad0:   d4b1c8dfd0a8002b 0000000000000001   +...............
0x000000016ae73ae0:   000000016ae762d0 0000000000000001   .b.j............
0x000000016ae73af0:   0000000000000000 0000000a691552c0   .........R.i....
0x000000016ae73b00:   0000000000000000 000000016ae759c8   .........Y.j....
0x000000016ae73b10:   0000000000000000 0000000a67be4500   .........E.g....
0x000000016ae73b20:   0000000000000000 000000016ae73bb0   .........;.j....
0x000000016ae73b30:   000000016ae73ba0 000000013fe54f60   .;.j....`O.?....
0x000000016ae73b40:   0000000000000001 0000000a67ab06c0   ...........g....
0x000000016ae73b50:   0000000000000138 0000000a68330000   8.........3h....
0x000000016ae73b60:   000000016ae73b80 000000019252a480   .;.j......R.....
0x000000016ae73b70:   0000000000000000 0000000000000000   ................
0x000000016ae73b80:   0000000000000001 0000000a67ab06c0   ...........g....
0x000000016ae73b90:   0000000a67ab0708 0000000a684e9900   ...g......Nh....
0x000000016ae73ba0:   000000016ae75fd0 000000013fe5539c   ._.j.....S.?....
0x000000016ae73bb0:   00000001402d13b8 00000001402d13f0   ..-@......-@....
0x000000016ae73bc0:   0000000a6bdef000 0000000a67ab0708   ...k.......g....
0x000000016ae73bd0:   0000000a684e9900 0000000a68330000   ..Nh......3h....
0x000000016ae73be0:   0000000a67aac960 00000001402d4298   `..g.....B-@....
0x000000016ae73bf0:   000000016ae73bb0 0000000105890101   .;.j............
0x000000016ae73c00:   0000000a6bfbcc00 00000001402d4508   ...k.....E-@....
0x000000016ae73c10:   000000016ae73bb0 000000012bd90101   .;.j.......+....
0x000000016ae73c20:   0000000a6c8d0800 0000000000000000   ...l............
0x000000016ae73c30:   0000000a6c8d2800 0000000000000000   .(.l............
0x000000016ae73c40:   0000000000000000 0000000000000000   ................
0x000000016ae73c50:   0000000000000000 0000000000000000   ................
0x000000016ae73c60:   0000000a6afc0f70 0000000000000002   p..j............
0x000000016ae73c70:   0000000000000000 0000000000000000   ................
0x000000016ae73c80:   0000000000000000 0000000000000000   ................
0x000000016ae73c90:   0000000a6afc1150 0000000000000008   P..j............
0x000000016ae73ca0:   0000000000000000 0000000000000000   ................
0x000000016ae73cb0:   0000000000000000 0000000000000000   ................

Instructions: (pc=0x000000013fe512ac)
  0x000000013fe511ac:   00 00 80 52 c0 03 5f d6 e2 1f 00 d0 42 50 17 91
  0x000000013fe511bc:   e0 03 01 aa e1 00 80 12 c4 f8 fe 17 ff 03 02 d1
  0x000000013fe511cc:   f6 57 05 a9 f4 4f 06 a9 fd 7b 07 a9 fd c3 01 91
  0x000000013fe511dc:   f3 03 01 aa f4 03 00 aa e0 03 01 aa 81 02 80 52
  0x000000013fe511ec:   02 00 80 52 03 00 80 52 69 15 00 94 f5 03 00 aa
  0x000000013fe511fc:   00 08 40 f9 96 4a 0e 94 a8 0e 40 f9 08 01 00 8b
  0x000000013fe5120c:   89 16 40 b9 09 01 00 b9 89 12 40 b9 09 7d 01 29
  0x000000013fe5121c:   89 1e 40 b9 09 05 00 b9 89 1a 40 b9 09 11 00 b9
  0x000000013fe5122c:   20 00 80 52 ad 37 00 94 88 16 40 b9 01 7c 08 9b
  0x000000013fe5123c:   e0 03 13 aa 02 00 80 52 03 00 80 52 54 15 00 94
  0x000000013fe5124c:   f6 03 00 aa 00 08 40 f9 81 4a 0e 94 c8 0e 40 f9
  0x000000013fe5125c:   89 2a 42 29 49 01 09 2b a0 03 00 54 0a 01 00 8b
  0x000000013fe5126c:   3f 41 00 71 62 00 00 54 0b 00 80 d2 14 00 00 14
  0x000000013fe5127c:   2b 6d 7c 92 4c 1f 00 90 80 45 c1 3d 4c 81 00 91
  0x000000013fe5128c:   81 04 00 4f 02 05 00 4f 83 05 00 4f 04 06 00 4f
  0x000000013fe5129c:   ed 03 0b aa 05 84 a1 4e 06 84 a2 4e 07 84 a3 4e
=>0x000000013fe512ac:   80 15 3f ad 86 1d 82 ac 00 84 a4 4e ad 41 00 f1
  0x000000013fe512bc:   21 ff ff 54 7f 01 09 eb a0 00 00 54 4b 79 2b b8
  0x000000013fe512cc:   6b 05 00 91 3f 01 0b eb a1 ff ff 54 29 20 80 52
  0x000000013fe512dc:   e9 93 00 79 c9 0a 40 f9 e9 a3 03 a9 08 24 00 90
  0x000000013fe512ec:   08 81 05 91 e8 ff 00 a9 60 12 40 f9 a8 26 41 a9
  0x000000013fe512fc:   8a 1a 40 b9 e8 a7 01 a9 28 1f 00 f0 00 ed 47 fd
  0x000000013fe5130c:   e0 17 00 fd ea 33 00 b9 08 18 40 f9 08 15 40 f9
  0x000000013fe5131c:   09 d5 4c b9 09 01 00 34 09 2c 40 f9 49 01 00 b4
  0x000000013fe5132c:   08 99 4d b9 08 01 00 35 e2 1f 00 d0 42 70 1f 91
  0x000000013fe5133c:   03 00 00 14 e2 1f 00 d0 42 28 1e 91 e1 00 80 12
  0x000000013fe5134c:   62 f8 fe 97 e0 23 00 91 e2 e3 00 91 e1 03 13 aa
  0x000000013fe5135c:   1b 00 00 94 fd 7b 47 a9 f4 4f 46 a9 f6 57 45 a9
  0x000000013fe5136c:   ff 03 02 91 c0 03 5f d6 02 0c 01 a9 05 10 04 29
  0x000000013fe5137c:   06 28 00 b9 28 18 40 f9 08 15 40 f9 09 d5 4c b9
  0x000000013fe5138c:   09 01 00 34 29 2c 40 f9 69 01 00 b4 08 99 4d b9
  0x000000013fe5139c:   28 01 00 35 e2 1f 00 d0 42 70 1f 91 03 00 00 14


Stack slot to memory mapping:

stack at sp + 0 slots: 0x0 is null
stack at sp + 1 slots: 0x0 is null
stack at sp + 2 slots: 0xd4b1c8dfd0a8002b is an unknown value
stack at sp + 3 slots: 0x0000000000000001 is an unknown value
stack at sp + 4 slots: 0x000000016ae762d0 is pointing into the stack for thread: 0x00000001058960f0
stack at sp + 5 slots: 0x0000000000000001 is an unknown value
stack at sp + 6 slots: 0x0 is null
stack at sp + 7 slots: 0x0000000a691552c0 points into unknown readable memory: 0x00000001402d25f8 | f8 25 2d 40 01 00 00 00

Lock stack of current Java thread (top to bottom):


Compiled method (n/a) 2130 2540     n 0       org.lwjgl.opengles.GLES20::glFinish (native)
 total in heap  [0x000000011c1b6108,0x000000011c1b6350] = 584
 main code      [0x000000011c1b6200,0x000000011c1b633c] = 316
 stub code      [0x000000011c1b633c,0x000000011c1b6340] = 4
 oops           [0x000000011c1b6340,0x000000011c1b6350] = 16
 mutable data [0x0000000a67bb0b40,0x0000000a67bb0b58] = 24
 relocation     [0x0000000a67bb0b40,0x0000000a67bb0b58] = 24

[Constant Pool (empty)]

[MachCode]
[Entry Point]
  # {method} {0x000000012bf1f428} 'glFinish' '()V' in 'org/lwjgl/opengles/GLES20'
  #           [sp+0x60]  (sp of caller)
  0x000000011c1b6200: 1f20 03d5 | 2808 40b9 | 2a09 40b9 | 1f01 0a6b | 4000 0054 

  0x000000011c1b6214: ;   {runtime_call Shared Runtime ic_miss_blob}
  0x000000011c1b6214: 7b24 e817 
[Verified Entry Point]
  0x000000011c1b6218: 1f20 03d5 | e953 40d1 | 3f01 00f9 | fd7b bfa9 | fd03 0091 | ff43 01d1 | 2801 0018 | 8923 40b9 
  0x000000011c1b6238: 1f01 09eb | e000 0054 

  0x000000011c1b6240: ;   {runtime_call Stub::method_entry_barrier}
  0x000000011c1b6240: 0830 90d2 | 8877 a3f2 | 2800 c0f2 | 0001 3fd6 | 0200 0014 | 0100 0000 

  0x000000011c1b6258: ;   {oop(a 'java/lang/Class'{0x00000003ba5dd160} = 'org/lwjgl/opengles/GLES20')}
  0x000000011c1b6258: 012c 9ad2 | a14b b7f2 | 6100 c0f2 | e123 00f9 | e103 0191 | 0800 0010 | 880b 02f9 | e803 0091 
  0x000000011c1b6278: 8807 02f9 | 80a3 1091 | e803 7eb2 | 89d3 1291 | 28fd 9f88 
[error occurred during error reporting (printing code blobs if possible), id 0xa, SIGBUS (0xa) at pc=0x000000010b083894]

---------------  P R O C E S S  ---------------

Threads class SMR info:
_java_thread_list=0x0000000a68df7b40, length=10, elements={
0x00000001058960f0, 0x0000000a68d98000, 0x0000000a68d98800, 0x0000000a68d99000,
0x0000000a68d99800, 0x0000000a68d9a000, 0x0000000a69066800, 0x0000000a69067200,
0x0000000a68d9a800, 0x0000000a68d9b000
}

Java Threads: ( => current thread )
=>0x00000001058960f0 JavaThread "main"                              [_thread_in_native, id=259, stack(0x000000016a684000,0x000000016ae80000) (8176K)]
  0x0000000a68d98000 JavaThread "Reference Handler"          daemon [_thread_blocked, id=29187, stack(0x000000016be7c000,0x000000016c07f000) (2060K)]
  0x0000000a68d98800 JavaThread "Finalizer"                  daemon [_thread_blocked, id=28675, stack(0x000000016c088000,0x000000016c28b000) (2060K)]
  0x0000000a68d99000 JavaThread "Signal Dispatcher"          daemon [_thread_blocked, id=28163, stack(0x000000016c294000,0x000000016c497000) (2060K)]
  0x0000000a68d99800 JavaThread "Service Thread"             daemon [_thread_blocked, id=24067, stack(0x000000016c4a0000,0x000000016c6a3000) (2060K)]
  0x0000000a68d9a000 JavaThread "Monitor Deflation Thread"   daemon [_thread_blocked, id=27651, stack(0x000000016c6ac000,0x000000016c8af000) (2060K)]
  0x0000000a69066800 JavaThread "C2 CompilerThread0"         daemon [_thread_blocked, id=27139, stack(0x000000016c8b8000,0x000000016cabb000) (2060K)]
  0x0000000a69067200 JavaThread "C1 CompilerThread0"         daemon [_thread_blocked, id=26883, stack(0x000000016cac4000,0x000000016ccc7000) (2060K)]
  0x0000000a68d9a800 JavaThread "Notification Thread"        daemon [_thread_blocked, id=24835, stack(0x000000016ccd0000,0x000000016ced3000) (2060K)]
  0x0000000a68d9b000 JavaThread "Common-Cleaner"             daemon [_thread_blocked, id=26115, stack(0x000000016cedc000,0x000000016d0df000) (2060K)]
Total: 10

Other Threads:
  0x0000000a68d5d800 VMThread "VM Thread"                           [id=17667, stack(0x000000016bb58000,0x000000016bd5b000) (2060K)]
  0x0000000a68d5d400 WatcherThread "VM Periodic Task Thread"        [id=17171, stack(0x000000016b94c000,0x000000016bb4f000) (2060K)]
  0x000000010589ddb0 WorkerThread "GC Thread#0"                     [id=14339, stack(0x000000016af10000,0x000000016b113000) (2060K)]
  0x0000000a68731e00 WorkerThread "GC Thread#1"                     [id=25603, stack(0x000000016d0e8000,0x000000016d2eb000) (2060K)]
  0x0000000a68732300 WorkerThread "GC Thread#2"                     [id=25347, stack(0x000000016d2f4000,0x000000016d4f7000) (2060K)]
  0x0000000a68732800 WorkerThread "GC Thread#3"                     [id=33027, stack(0x000000016d500000,0x000000016d703000) (2060K)]
  0x0000000a68732d00 WorkerThread "GC Thread#4"                     [id=33283, stack(0x000000016d70c000,0x000000016d90f000) (2060K)]
  0x0000000a68733200 WorkerThread "GC Thread#5"                     [id=43011, stack(0x000000016d918000,0x000000016db1b000) (2060K)]
  0x0000000a68733700 WorkerThread "GC Thread#6"                     [id=42755, stack(0x000000016db24000,0x000000016dd27000) (2060K)]
  0x0000000a67439e00 WorkerThread "GC Thread#7"                     [id=72199, stack(0x000000016e67c000,0x000000016e87f000) (2060K)]
  0x0000000a6743a300 WorkerThread "GC Thread#8"                     [id=117591, stack(0x000000016e888000,0x000000016ea8b000) (2060K)]
  0x000000010589edf0 ConcurrentGCThread "G1 Main Marker"            [id=13827, stack(0x000000016b11c000,0x000000016b31f000) (2060K)]
  0x0000000a68d00000 WorkerThread "G1 Conc#0"                       [id=12803, stack(0x000000016b328000,0x000000016b52b000) (2060K)]
  0x0000000a68d00500 ConcurrentGCThread "G1 Refine#0"               [id=13059, stack(0x000000016b534000,0x000000016b737000) (2060K)]
  0x0000000a68d00a00 ConcurrentGCThread "G1 Service"                [id=21507, stack(0x000000016b740000,0x000000016b943000) (2060K)]
Total: 15

Threads with active compile tasks:
Total: 0

VM state: not at safepoint (normal execution)

VM Mutex/Monitor currently owned by a thread: None

Heap address: 0x00000003b0000000, size: 4608 MB, Compressed Oops mode: Zero based, Oop shift amount: 3

CDS archive(s) mapped at: [0x0000007c00000000-0x0000007c00d94000-0x0000007c00d94000), size 14237696, SharedBaseAddress: 0x0000007c00000000, ArchiveRelocationMode: 1.
Compressed class space mapped at: 0x0000007c01000000-0x0000007c41000000, reserved size: 1073741824
UseCompressedClassPointers 1, UseCompactObjectHeaders 0
Narrow klass pointer bits 32, Max shift 3
Narrow klass base: 0x0000007c00000000, Narrow klass shift: 0
Encoding Range: [0x0000007c00000000 - 0x0000007d00000000), (4294967296 bytes)
Klass Range:    [0x0000007c00004000 - 0x0000007c41000000), (1090502656 bytes)
Klass ID Range:  [16384 - 1090519033) (1090502649)
Protection zone: [0x0000007c00000000 - 0x0000007c00004000), (16384 bytes)

GC Precious Log:
 CardTable entry size: 512
 Card Set container configuration: InlinePtr #cards 4 size 8 Array Of Cards #cards 32 size 80 Howl #buckets 8 coarsen threshold 7372 Howl Bitmap #cards 1024 size 144 coarsen threshold 921 Card regions per heap region 1 cards per card region 8192
 CPUs: 11 total, 11 available
 Memory: 18432M
 Large Page Support: Disabled
 NUMA Support: Disabled
 Compressed Oops: Enabled (Zero based)
 Heap Region Size: 4M
 Heap Min Capacity: 8M
 Heap Initial Capacity: 288M
 Heap Max Capacity: 4608M
 Pre-touch: Disabled
 Parallel Workers: 9
 Concurrent Workers: 2
 Concurrent Refinement Workers: 9
 Periodic GC: Disabled

Heap:
 garbage-first heap   total reserved 4718592K, committed 299008K, used 53197K [0x00000003b0000000, 0x00000004d0000000)
  region size 4096K, 13 young (53248K), 3 survivors (12288K)

Heap Regions: E=young(eden), S=young(survivor), O=old, HS=humongous(starts), HC=humongous(continues), CS=collection set, F=free, TAMS=top-at-mark-start, PB=parsable bottom
|   0|0x00000003b0000000, 0x00000003b0400000, 0x00000003b0400000|100%|HS|  |TAMS 0x00000003b0000000| PB 0x00000003b0000000| Complete |  0
|   1|0x00000003b0400000, 0x00000003b0400000, 0x00000003b0800000|  0%| F|  |TAMS 0x00000003b0400000| PB 0x00000003b0400000| Untracked |  0
|   2|0x00000003b0800000, 0x00000003b0800000, 0x00000003b0c00000|  0%| F|  |TAMS 0x00000003b0800000| PB 0x00000003b0800000| Untracked |  0
|   3|0x00000003b0c00000, 0x00000003b0c00000, 0x00000003b1000000|  0%| F|  |TAMS 0x00000003b0c00000| PB 0x00000003b0c00000| Untracked |  0
|   4|0x00000003b1000000, 0x00000003b1000000, 0x00000003b1400000|  0%| F|  |TAMS 0x00000003b1000000| PB 0x00000003b1000000| Untracked |  0
|   5|0x00000003b1400000, 0x00000003b1400000, 0x00000003b1800000|  0%| F|  |TAMS 0x00000003b1400000| PB 0x00000003b1400000| Untracked |  0
|   6|0x00000003b1800000, 0x00000003b1800000, 0x00000003b1c00000|  0%| F|  |TAMS 0x00000003b1800000| PB 0x00000003b1800000| Untracked |  0
|   7|0x00000003b1c00000, 0x00000003b1c00000, 0x00000003b2000000|  0%| F|  |TAMS 0x00000003b1c00000| PB 0x00000003b1c00000| Untracked |  0
|   8|0x00000003b2000000, 0x00000003b2000000, 0x00000003b2400000|  0%| F|  |TAMS 0x00000003b2000000| PB 0x00000003b2000000| Untracked |  0
|   9|0x00000003b2400000, 0x00000003b2400000, 0x00000003b2800000|  0%| F|  |TAMS 0x00000003b2400000| PB 0x00000003b2400000| Untracked |  0
|  10|0x00000003b2800000, 0x00000003b2800000, 0x00000003b2c00000|  0%| F|  |TAMS 0x00000003b2800000| PB 0x00000003b2800000| Untracked |  0
|  11|0x00000003b2c00000, 0x00000003b2c00000, 0x00000003b3000000|  0%| F|  |TAMS 0x00000003b2c00000| PB 0x00000003b2c00000| Untracked |  0
|  12|0x00000003b3000000, 0x00000003b3000000, 0x00000003b3400000|  0%| F|  |TAMS 0x00000003b3000000| PB 0x00000003b3000000| Untracked |  0
|  13|0x00000003b3400000, 0x00000003b3400000, 0x00000003b3800000|  0%| F|  |TAMS 0x00000003b3400000| PB 0x00000003b3400000| Untracked |  0
|  14|0x00000003b3800000, 0x00000003b3800000, 0x00000003b3c00000|  0%| F|  |TAMS 0x00000003b3800000| PB 0x00000003b3800000| Untracked |  0
|  15|0x00000003b3c00000, 0x00000003b3c00000, 0x00000003b4000000|  0%| F|  |TAMS 0x00000003b3c00000| PB 0x00000003b3c00000| Untracked |  0
|  16|0x00000003b4000000, 0x00000003b4000000, 0x00000003b4400000|  0%| F|  |TAMS 0x00000003b4000000| PB 0x00000003b4000000| Untracked |  0
|  17|0x00000003b4400000, 0x00000003b4400000, 0x00000003b4800000|  0%| F|  |TAMS 0x00000003b4400000| PB 0x00000003b4400000| Untracked |  0
|  18|0x00000003b4800000, 0x00000003b4800000, 0x00000003b4c00000|  0%| F|  |TAMS 0x00000003b4800000| PB 0x00000003b4800000| Untracked |  0
|  19|0x00000003b4c00000, 0x00000003b4c00000, 0x00000003b5000000|  0%| F|  |TAMS 0x00000003b4c00000| PB 0x00000003b4c00000| Untracked |  0
|  20|0x00000003b5000000, 0x00000003b5000000, 0x00000003b5400000|  0%| F|  |TAMS 0x00000003b5000000| PB 0x00000003b5000000| Untracked |  0
|  21|0x00000003b5400000, 0x00000003b5400000, 0x00000003b5800000|  0%| F|  |TAMS 0x00000003b5400000| PB 0x00000003b5400000| Untracked |  0
|  22|0x00000003b5800000, 0x00000003b5800000, 0x00000003b5c00000|  0%| F|  |TAMS 0x00000003b5800000| PB 0x00000003b5800000| Untracked |  0
|  23|0x00000003b5c00000, 0x00000003b5c00000, 0x00000003b6000000|  0%| F|  |TAMS 0x00000003b5c00000| PB 0x00000003b5c00000| Untracked |  0
|  24|0x00000003b6000000, 0x00000003b6000000, 0x00000003b6400000|  0%| F|  |TAMS 0x00000003b6000000| PB 0x00000003b6000000| Untracked |  0
|  25|0x00000003b6400000, 0x00000003b6400000, 0x00000003b6800000|  0%| F|  |TAMS 0x00000003b6400000| PB 0x00000003b6400000| Untracked |  0
|  26|0x00000003b6800000, 0x00000003b6800000, 0x00000003b6c00000|  0%| F|  |TAMS 0x00000003b6800000| PB 0x00000003b6800000| Untracked |  0
|  27|0x00000003b6c00000, 0x00000003b6c00000, 0x00000003b7000000|  0%| F|  |TAMS 0x00000003b6c00000| PB 0x00000003b6c00000| Untracked |  0
|  28|0x00000003b7000000, 0x00000003b7000000, 0x00000003b7400000|  0%| F|  |TAMS 0x00000003b7000000| PB 0x00000003b7000000| Untracked |  0
|  29|0x00000003b7400000, 0x00000003b7400000, 0x00000003b7800000|  0%| F|  |TAMS 0x00000003b7400000| PB 0x00000003b7400000| Untracked |  0
|  30|0x00000003b7800000, 0x00000003b7800000, 0x00000003b7c00000|  0%| F|  |TAMS 0x00000003b7800000| PB 0x00000003b7800000| Untracked |  0
|  31|0x00000003b7c00000, 0x00000003b7c00000, 0x00000003b8000000|  0%| F|  |TAMS 0x00000003b7c00000| PB 0x00000003b7c00000| Untracked |  0
|  32|0x00000003b8000000, 0x00000003b8000000, 0x00000003b8400000|  0%| F|  |TAMS 0x00000003b8000000| PB 0x00000003b8000000| Untracked |  0
|  33|0x00000003b8400000, 0x00000003b8400000, 0x00000003b8800000|  0%| F|  |TAMS 0x00000003b8400000| PB 0x00000003b8400000| Untracked |  0
|  34|0x00000003b8800000, 0x00000003b8800000, 0x00000003b8c00000|  0%| F|  |TAMS 0x00000003b8800000| PB 0x00000003b8800000| Untracked |  0
|  35|0x00000003b8c00000, 0x00000003b8c00000, 0x00000003b9000000|  0%| F|  |TAMS 0x00000003b8c00000| PB 0x00000003b8c00000| Untracked |  0
|  36|0x00000003b9000000, 0x00000003b9000000, 0x00000003b9400000|  0%| F|  |TAMS 0x00000003b9000000| PB 0x00000003b9000000| Untracked |  0
|  37|0x00000003b9400000, 0x00000003b9400000, 0x00000003b9800000|  0%| F|  |TAMS 0x00000003b9400000| PB 0x00000003b9400000| Untracked |  0
|  38|0x00000003b9800000, 0x00000003b9800000, 0x00000003b9c00000|  0%| F|  |TAMS 0x00000003b9800000| PB 0x00000003b9800000| Untracked |  0
|  39|0x00000003b9c00000, 0x00000003b9ed3dd0, 0x00000003ba000000| 70%| S|CS|TAMS 0x00000003b9c00000| PB 0x00000003b9c00000| Complete |  0
|  40|0x00000003ba000000, 0x00000003ba400000, 0x00000003ba400000|100%| S|CS|TAMS 0x00000003ba000000| PB 0x00000003ba000000| Complete |  0
|  41|0x00000003ba400000, 0x00000003ba800000, 0x00000003ba800000|100%| S|CS|TAMS 0x00000003ba400000| PB 0x00000003ba400000| Complete |  0
|  42|0x00000003ba800000, 0x00000003ba800000, 0x00000003bac00000|  0%| F|  |TAMS 0x00000003ba800000| PB 0x00000003ba800000| Untracked |  0
|  43|0x00000003bac00000, 0x00000003bac00000, 0x00000003bb000000|  0%| F|  |TAMS 0x00000003bac00000| PB 0x00000003bac00000| Untracked |  0
|  44|0x00000003bb000000, 0x00000003bb000000, 0x00000003bb400000|  0%| F|  |TAMS 0x00000003bb000000| PB 0x00000003bb000000| Untracked |  0
|  45|0x00000003bb400000, 0x00000003bb400000, 0x00000003bb800000|  0%| F|  |TAMS 0x00000003bb400000| PB 0x00000003bb400000| Untracked |  0
|  46|0x00000003bb800000, 0x00000003bb800000, 0x00000003bbc00000|  0%| F|  |TAMS 0x00000003bb800000| PB 0x00000003bb800000| Untracked |  0
|  47|0x00000003bbc00000, 0x00000003bbc00000, 0x00000003bc000000|  0%| F|  |TAMS 0x00000003bbc00000| PB 0x00000003bbc00000| Untracked |  0
|  48|0x00000003bc000000, 0x00000003bc000000, 0x00000003bc400000|  0%| F|  |TAMS 0x00000003bc000000| PB 0x00000003bc000000| Untracked |  0
|  49|0x00000003bc400000, 0x00000003bc400000, 0x00000003bc800000|  0%| F|  |TAMS 0x00000003bc400000| PB 0x00000003bc400000| Untracked |  0
|  50|0x00000003bc800000, 0x00000003bc800000, 0x00000003bcc00000|  0%| F|  |TAMS 0x00000003bc800000| PB 0x00000003bc800000| Untracked |  0
|  51|0x00000003bcc00000, 0x00000003bcc00000, 0x00000003bd000000|  0%| F|  |TAMS 0x00000003bcc00000| PB 0x00000003bcc00000| Untracked |  0
|  52|0x00000003bd000000, 0x00000003bd000000, 0x00000003bd400000|  0%| F|  |TAMS 0x00000003bd000000| PB 0x00000003bd000000| Untracked |  0
|  53|0x00000003bd400000, 0x00000003bd400000, 0x00000003bd800000|  0%| F|  |TAMS 0x00000003bd400000| PB 0x00000003bd400000| Untracked |  0
|  54|0x00000003bd800000, 0x00000003bd800000, 0x00000003bdc00000|  0%| F|  |TAMS 0x00000003bd800000| PB 0x00000003bd800000| Untracked |  0
|  55|0x00000003bdc00000, 0x00000003bdc00000, 0x00000003be000000|  0%| F|  |TAMS 0x00000003bdc00000| PB 0x00000003bdc00000| Untracked |  0
|  56|0x00000003be000000, 0x00000003be000000, 0x00000003be400000|  0%| F|  |TAMS 0x00000003be000000| PB 0x00000003be000000| Untracked |  0
|  57|0x00000003be400000, 0x00000003be400000, 0x00000003be800000|  0%| F|  |TAMS 0x00000003be400000| PB 0x00000003be400000| Untracked |  0
|  58|0x00000003be800000, 0x00000003be800000, 0x00000003bec00000|  0%| F|  |TAMS 0x00000003be800000| PB 0x00000003be800000| Untracked |  0
|  59|0x00000003bec00000, 0x00000003bec00000, 0x00000003bf000000|  0%| F|  |TAMS 0x00000003bec00000| PB 0x00000003bec00000| Untracked |  0
|  60|0x00000003bf000000, 0x00000003bf000000, 0x00000003bf400000|  0%| F|  |TAMS 0x00000003bf000000| PB 0x00000003bf000000| Untracked |  0
|  61|0x00000003bf400000, 0x00000003bf400000, 0x00000003bf800000|  0%| F|  |TAMS 0x00000003bf400000| PB 0x00000003bf400000| Untracked |  0
|  62|0x00000003bf800000, 0x00000003bfa00000, 0x00000003bfc00000| 50%| E|  |TAMS 0x00000003bf800000| PB 0x00000003bf800000| Complete |  0
|  63|0x00000003bfc00000, 0x00000003c0000000, 0x00000003c0000000|100%| E|CS|TAMS 0x00000003bfc00000| PB 0x00000003bfc00000| Complete |  0
|  64|0x00000003c0000000, 0x00000003c0400000, 0x00000003c0400000|100%| E|CS|TAMS 0x00000003c0000000| PB 0x00000003c0000000| Complete |  0
|  65|0x00000003c0400000, 0x00000003c0800000, 0x00000003c0800000|100%| E|CS|TAMS 0x00000003c0400000| PB 0x00000003c0400000| Complete |  0
|  66|0x00000003c0800000, 0x00000003c0c00000, 0x00000003c0c00000|100%| E|CS|TAMS 0x00000003c0800000| PB 0x00000003c0800000| Complete |  0
|  67|0x00000003c0c00000, 0x00000003c1000000, 0x00000003c1000000|100%| E|CS|TAMS 0x00000003c0c00000| PB 0x00000003c0c00000| Complete |  0
|  68|0x00000003c1000000, 0x00000003c1400000, 0x00000003c1400000|100%| E|CS|TAMS 0x00000003c1000000| PB 0x00000003c1000000| Complete |  0
|  69|0x00000003c1400000, 0x00000003c1800000, 0x00000003c1800000|100%| E|CS|TAMS 0x00000003c1400000| PB 0x00000003c1400000| Complete |  0
|  70|0x00000003c1800000, 0x00000003c1c00000, 0x00000003c1c00000|100%| E|CS|TAMS 0x00000003c1800000| PB 0x00000003c1800000| Complete |  0
|  71|0x00000003c1c00000, 0x00000003c2000000, 0x00000003c2000000|100%| E|CS|TAMS 0x00000003c1c00000| PB 0x00000003c1c00000| Complete |  0
|1151|0x00000004cfc00000, 0x00000004cfd1f8b0, 0x00000004d0000000| 28%| O|  |TAMS 0x00000004cfc00000| PB 0x00000004cfc00000| Untracked |  0

Card table byte_map: [0x0000000123650000,0x0000000123f50000] _byte_map_base: 0x00000001218d0000

Marking Bits: (CMBitMap*) 0x000000010589e480
 Bits: [0x0000000123f50000, 0x0000000128750000)

Polling page: 0x0000000104fa8000

Metaspace:
Metaspace        used 19936K, committed 20224K, reserved 1114112K
 class space     used 2101K, committed 2240K, reserved 1048576K

Usage:
  Non-class:     17.42 MB used.
      Class:      2.05 MB used.
       Both:     19.47 MB used.

Virtual space:
  Non-class space:       64.00 MB reserved,      17.56 MB ( 27%) committed,  1 nodes.
      Class space:        1.00 GB reserved,       2.19 MB ( <1%) committed,  1 nodes.
             Both:        1.06 GB reserved,      19.75 MB (  2%) committed. 

Chunk freelists:
   Non-Class:  14.25 MB
       Class:  13.83 MB
        Both:  28.08 MB

MaxMetaspaceSize: unlimited
CompressedClassSpaceSize: 1.00 GB
Initial GC threshold: 21.00 MB
Current GC threshold: 21.00 MB
CDS: on
 - commit_granule_bytes: 65536.
 - commit_granule_words: 8192.
 - virtual_space_node_default_size: 8388608.
 - enlarge_chunks_in_place: 1.
UseCompressedClassPointers 1, UseCompactObjectHeaders 0
Narrow klass pointer bits 32, Max shift 3
Narrow klass base: 0x0000007c00000000, Narrow klass shift: 0
Encoding Range: [0x0000007c00000000 - 0x0000007d00000000), (4294967296 bytes)
Klass Range:    [0x0000007c00004000 - 0x0000007c41000000), (1090502656 bytes)
Klass ID Range:  [16384 - 1090519033) (1090502649)
Protection zone: [0x0000007c00000000 - 0x0000007c00004000), (16384 bytes)


Internal statistics:

num_allocs_failed_limit: 0.
num_arena_births: 334.
num_arena_deaths: 0.
num_vsnodes_births: 2.
num_vsnodes_deaths: 0.
num_space_committed: 316.
num_space_uncommitted: 0.
num_chunks_returned_to_freelist: 0.
num_chunks_taken_from_freelist: 1030.
num_chunk_merges: 0.
num_chunk_splits: 717.
num_chunks_enlarged: 558.
num_inconsistent_stats: 0.

CodeHeap 'non-profiled nmethods': size=120048Kb used=750Kb max_used=750Kb free=119297Kb
 bounds [0x000000011c114000, 0x000000011c384000, 0x0000000123650000]
CodeHeap 'profiled nmethods': size=120016Kb used=3694Kb max_used=3694Kb free=116321Kb
 bounds [0x0000000114650000, 0x00000001149f0000, 0x000000011bb84000]
CodeHeap 'non-nmethods': size=5696Kb used=2072Kb max_used=2144Kb free=3623Kb
 bounds [0x000000011bb84000, 0x000000011bdf4000, 0x000000011c114000]
CodeCache: size=245760Kb, used=6516Kb, max_used=6588Kb, free=239241Kb
 total_blobs=3961, nmethods=2559, adapters=1311, full_count=0
Compilation: enabled, stopped_count=0, restarted_count=0

Compilation events (20 events):
Event: 1.958 Thread 0x0000000a69067200 nmethod 2617 0x000000011c1c6748 code [0x000000011c1c6840, 0x000000011c1c6920]
Event: 1.964 Thread 0x0000000a69067200 2619       3       org.openrndr.shape.ShapeContour$Companion::fromPoints$default (19 bytes)
Event: 1.964 Thread 0x0000000a69067200 nmethod 2619 0x00000001149e4ac8 code [0x00000001149e4bc0, 0x00000001149e4db0]
Event: 1.970 Thread 0x0000000a69067200 2622 %     3       org.openrndr.internal.Path::expandFill @ 124 (1197 bytes)
Event: 1.971 Thread 0x0000000a69067200 nmethod 2622% 0x00000001149e4dc8 code [0x00000001149e4ec0, 0x00000001149eb998]
Event: 1.971 Thread 0x0000000a69067200 2623       1       org.openrndr.draw.DrawStyle::getChannelWriteMask (5 bytes)
Event: 1.971 Thread 0x0000000a69066800 nmethod 2614% 0x000000011c1c6948 code [0x000000011c1c6a40, 0x000000011c1c8e28]
Event: 1.971 Thread 0x0000000a69067200 nmethod 2623 0x000000011c1c8e88 code [0x000000011c1c8f80, 0x000000011c1c9060]
Event: 1.971 Thread 0x0000000a69066800 2616       4       java.lang.Boolean::valueOf (14 bytes)
Event: 1.972 Thread 0x0000000a69066800 nmethod 2616 0x000000011c1c9088 code [0x000000011c1c9180, 0x000000011c1c9208]
Event: 1.972 Thread 0x0000000a69066800 2618       4       org.openrndr.shape.ShapeContour$Companion::fromPoints (396 bytes)
Event: 2.006 Thread 0x0000000a69066800 nmethod 2618 0x000000011c1c9248 code [0x000000011c1c9380, 0x000000011c1cc548]
Event: 2.006 Thread 0x0000000a69066800 2613       4       kotlin.collections.CollectionsKt___CollectionsKt::zipWithNext (110 bytes)
Event: 2.011 Thread 0x0000000a69066800 nmethod 2613 0x000000011c1cc648 code [0x000000011c1cc740, 0x000000011c1cd238]
Event: 2.011 Thread 0x0000000a69066800 2620       4       org.openrndr.shape.ShapeContour::<init> (275 bytes)
Event: 2.028 Thread 0x0000000a69066800 nmethod 2620 0x000000011c1cd288 code [0x000000011c1cd3c0, 0x000000011c1cf5b0]
Event: 2.028 Thread 0x0000000a69066800 2611       4       kotlin.jvm.internal.Intrinsics::checkNotNull (8 bytes)
Event: 2.028 Thread 0x0000000a69066800 nmethod 2611 0x000000011c1cf688 code [0x000000011c1cf780, 0x000000011c1cf810]
Event: 2.028 Thread 0x0000000a69066800 2610       4       kotlin.jvm.internal.Intrinsics::areEqual (22 bytes)
Event: 2.028 Thread 0x0000000a69066800 nmethod 2610 0x000000011c1cf848 code [0x000000011c1cf940, 0x000000011c1cfa08]

GC Heap Usage History (4 events):
Event: 0.412 {heap Before GC invocations=0 (full 0):
 garbage-first heap   total reserved 4718592K, committed 299008K, used 54398K [0x00000003b0000000, 0x00000004d0000000)
  region size 4096K, 12 young (49152K), 0 survivors (0K)
}
Event: 0.414 {heap After GC invocations=1 (full 0):
 garbage-first heap   total reserved 4718592K, committed 299008K, used 11975K [0x00000003b0000000, 0x00000004d0000000)
  region size 4096K, 2 young (8192K), 2 survivors (8192K)
}
Event: 1.800 {heap Before GC invocations=1 (full 0):
 garbage-first heap   total reserved 4718592K, committed 299008K, used 126663K [0x00000003b0000000, 0x00000004d0000000)
  region size 4096K, 30 young (122880K), 2 survivors (8192K)
}
Event: 1.811 {heap After GC invocations=2 (full 0):
 garbage-first heap   total reserved 4718592K, committed 299008K, used 16333K [0x00000003b0000000, 0x00000004d0000000)
  region size 4096K, 3 young (12288K), 3 survivors (12288K)
}

Metaspace Usage History (4 events):
Event: 0.412 {metaspace Before GC invocations=0 (full 0):
 Metaspace       used 13452K, committed 13632K, reserved 1114112K
  class space    used 1507K, committed 1600K, reserved 1048576K
}
Event: 0.414 {metaspace After GC invocations=1 (full 0):
 Metaspace       used 13452K, committed 13632K, reserved 1114112K
  class space    used 1507K, committed 1600K, reserved 1048576K
}
Event: 1.800 {metaspace Before GC invocations=1 (full 0):
 Metaspace       used 19929K, committed 20224K, reserved 1114112K
  class space    used 2101K, committed 2240K, reserved 1048576K
}
Event: 1.811 {metaspace After GC invocations=2 (full 0):
 Metaspace       used 19929K, committed 20224K, reserved 1114112K
  class space    used 2101K, committed 2240K, reserved 1048576K
}

Dll operation events (9 events):
Event: 0.006 Loaded shared library /Users/moritzlindner/Library/Java/JavaVirtualMachines/openjdk-25.0.2/Contents/Home/lib/libjava.dylib
Event: 0.027 Loaded shared library /Users/moritzlindner/Library/Java/JavaVirtualMachines/openjdk-25.0.2/Contents/Home/lib/libnio.dylib
Event: 0.030 Loaded shared library /Users/moritzlindner/Library/Java/JavaVirtualMachines/openjdk-25.0.2/Contents/Home/lib/libzip.dylib
Event: 0.071 Loaded shared library /Users/moritzlindner/Library/Java/JavaVirtualMachines/openjdk-25.0.2/Contents/Home/lib/libmanagement.dylib
Event: 0.071 Loaded shared library /Users/moritzlindner/Library/Java/JavaVirtualMachines/openjdk-25.0.2/Contents/Home/lib/libmanagement_ext.dylib
Event: 0.076 Loaded shared library /Users/moritzlindner/Library/Java/JavaVirtualMachines/openjdk-25.0.2/Contents/Home/lib/libnet.dylib
Event: 0.081 Loaded shared library /Users/moritzlindner/Library/Java/JavaVirtualMachines/openjdk-25.0.2/Contents/Home/lib/libjimage.dylib
Event: 0.422 Loaded shared library /private/var/folders/0c/jv1ds4r17kd04lfwxh2r8vw80000gn/T/lwjgl_moritzlindner/3.3.6+1/arm64/liblwjgl.dylib
Event: 1.172 Loaded shared library /private/var/folders/0c/jv1ds4r17kd04lfwxh2r8vw80000gn/T/lwjgl_moritzlindner/3.3.6+1/arm64/liblwjgl_opengles.dylib

Deoptimization events (20 events):
Event: 1.443 Thread 0x00000001058960f0 Uncommon trap: trap_request=0xffffff6e fr.pc=0x000000011c1adafc relative=0x00000000000000fc
Event: 1.443 Thread 0x00000001058960f0 Uncommon trap: reason=predicate action=maybe_recompile pc=0x000000011c1adafc method=java.util.Arrays.fill([Ljava/lang/Object;Ljava/lang/Object;)V @ 7 c2
Event: 1.443 Thread 0x00000001058960f0 DEOPT PACKING pc=0x000000011c1adafc sp=0x000000016ae74510
Event: 1.443 Thread 0x00000001058960f0 DEOPT UNPACKING pc=0x000000011bc972dc sp=0x000000016ae74490 mode 2
Event: 1.449 Thread 0x00000001058960f0 Uncommon trap: trap_request=0xffffff45 fr.pc=0x000000011c1a48d8 relative=0x0000000000000058
Event: 1.449 Thread 0x00000001058960f0 Uncommon trap: reason=unstable_if action=reinterpret pc=0x000000011c1a48d8 method=java.lang.Boolean.valueOf(Z)Ljava/lang/Boolean; @ 1 c2
Event: 1.449 Thread 0x00000001058960f0 DEOPT PACKING pc=0x000000011c1a48d8 sp=0x000000016ae76740
Event: 1.449 Thread 0x00000001058960f0 DEOPT UNPACKING pc=0x000000011bc972dc sp=0x000000016ae766e0 mode 2
Event: 1.609 Thread 0x00000001058960f0 Uncommon trap: trap_request=0xffffffd6 fr.pc=0x000000011c1b4400 relative=0x00000000000001c0
Event: 1.609 Thread 0x00000001058960f0 Uncommon trap: reason=array_check action=maybe_recompile pc=0x000000011c1b4400 method=java.util.Arrays.fill([Ljava/lang/Object;Ljava/lang/Object;)V @ 13 c2
Event: 1.609 Thread 0x00000001058960f0 DEOPT PACKING pc=0x000000011c1b4400 sp=0x000000016ae74f70
Event: 1.609 Thread 0x00000001058960f0 DEOPT UNPACKING pc=0x000000011bc972dc sp=0x000000016ae74f10 mode 2
Event: 1.790 Thread 0x00000001058960f0 DEOPT PACKING pc=0x000000011497c968 sp=0x000000016ae76ad0
Event: 1.790 Thread 0x00000001058960f0 DEOPT UNPACKING pc=0x000000011bbc10bc sp=0x000000016ae76880 mode 0
Event: 1.791 Thread 0x00000001058960f0 Uncommon trap: trap_request=0xffffff45 fr.pc=0x000000011c1b8d80 relative=0x0000000000000880
Event: 1.791 Thread 0x00000001058960f0 Uncommon trap: reason=unstable_if action=reinterpret pc=0x000000011c1b8d80 method=org.openrndr.extra.marchingsquares.MarchingSquaresKt.findContours(Lkotlin/jvm/functions/Function1;Lorg/openrndr/shape/Rectangle;DZ)Ljava/util/List; @ 546 c2
Event: 1.791 Thread 0x00000001058960f0 DEOPT PACKING pc=0x000000011c1b8d80 sp=0x000000016ae76c40
Event: 1.791 Thread 0x00000001058960f0 DEOPT UNPACKING pc=0x000000011bc972dc sp=0x000000016ae76b70 mode 2
Event: 1.799 Thread 0x00000001058960f0 DEOPT PACKING pc=0x000000011495be94 sp=0x000000016ae76a40
Event: 1.799 Thread 0x00000001058960f0 DEOPT UNPACKING pc=0x000000011bbc10bc sp=0x000000016ae76880 mode 3

Classes loaded (20 events):
Event: 1.122 Loading class java/util/concurrent/RejectedExecutionException
Event: 1.122 Loading class java/util/concurrent/RejectedExecutionException done
Event: 1.122 Loading class java/util/concurrent/atomic/AtomicLongFieldUpdater
Event: 1.122 Loading class java/util/concurrent/atomic/AtomicLongFieldUpdater done
Event: 1.122 Loading class java/util/concurrent/atomic/AtomicLongFieldUpdater$CASUpdater
Event: 1.122 Loading class java/util/concurrent/atomic/AtomicLongFieldUpdater$CASUpdater done
Event: 1.133 Loading class java/util/ConcurrentModificationException
Event: 1.133 Loading class java/util/ConcurrentModificationException done
Event: 1.208 Loading class java/util/Stack
Event: 1.208 Loading class java/util/Vector
Event: 1.209 Loading class java/util/Vector done
Event: 1.209 Loading class java/util/Stack done
Event: 1.609 Loading class java/lang/FdLibm$Acos
Event: 1.609 Loading class java/lang/FdLibm$Acos done
Event: 1.609 Loading class java/lang/FdLibm
Event: 1.609 Loading class java/lang/FdLibm done
Event: 1.622 Loading class java/util/AbstractList$ListItr
Event: 1.622 Loading class java/util/AbstractList$Itr
Event: 1.622 Loading class java/util/AbstractList$Itr done
Event: 1.622 Loading class java/util/AbstractList$ListItr done

Classes unloaded (0 events):
No events

Classes redefined (0 events):
No events

Internal exceptions (20 events):
Event: 1.193 Thread 0x00000001058960f0 Exception <a 'java/lang/NoSuchMethodError'{0x00000003c17255b0}: 'java.lang.Object java.lang.invoke.DirectMethodHandle$Holder.invokeSpecial(java.lang.Object, java.lang.Object, int, int, java.lang.Object)'> (0x00000003c17255b0) 
thrown [open/src/hotspot/share/interpreter/linkResolver.cpp, line 804]
Event: 1.213 Thread 0x00000001058960f0 Exception <a 'java/lang/NoSuchMethodError'{0x00000003c11d42c0}: 'java.lang.Object java.lang.invoke.DirectMethodHandle$Holder.newInvokeSpecial(java.lang.Object, java.lang.Object, java.lang.Object, java.lang.Object, java.lang.Object, java.lang.Object)'> (0x00000003c11d42c0) 
thrown [open/src/hotspot/share/interpreter/linkResolver.cpp, line 804]
Event: 1.320 Thread 0x00000001058960f0 Exception <a 'java/lang/NoSuchMethodError'{0x00000003c12158f0}: 'java.lang.Object java.lang.invoke.DirectMethodHandle$Holder.newInvokeSpecial(java.lang.Object, double, double, java.lang.Object)'> (0x00000003c12158f0) 
thrown [open/src/hotspot/share/interpreter/linkResolver.cpp, line 804]
Event: 1.331 Thread 0x00000001058960f0 Exception <a 'java/lang/NoSuchMethodError'{0x00000003c13792e0}: 'java.lang.Object java.lang.invoke.DirectMethodHandle$Holder.newInvokeSpecial(java.lang.Object, int, int, double, java.lang.Object)'> (0x00000003c13792e0) 
thrown [open/src/hotspot/share/interpreter/linkResolver.cpp, line 804]
Event: 1.332 Thread 0x00000001058960f0 Exception <a 'java/lang/NoSuchMethodError'{0x00000003c13b8970}: 'java.lang.Object java.lang.invoke.DirectMethodHandle$Holder.newInvokeSpecial(java.lang.Object, int, int, java.lang.Object, java.lang.Object)'> (0x00000003c13b8970) 
thrown [open/src/hotspot/share/interpreter/linkResolver.cpp, line 804]
Event: 1.332 Thread 0x00000001058960f0 Exception <a 'java/lang/NoSuchMethodError'{0x00000003c13c13f0}: 'java.lang.Object java.lang.invoke.DirectMethodHandle$Holder.invokeSpecial(java.lang.Object, java.lang.Object, int, int, java.lang.Object, java.lang.Object)'> (0x00000003c13c13f0) 
thrown [open/src/hotspot/share/interpreter/linkResolver.cpp, line 804]
Event: 1.344 Thread 0x00000001058960f0 Exception <a 'java/lang/NoSuchMethodError'{0x00000003c0c5e5a8}: 'java.lang.Object java.lang.invoke.DirectMethodHandle$Holder.invokeSpecial(java.lang.Object, java.lang.Object, int, double)'> (0x00000003c0c5e5a8) 
thrown [open/src/hotspot/share/interpreter/linkResolver.cpp, line 804]
Event: 1.344 Thread 0x00000001058960f0 Exception <a 'java/lang/NoSuchMethodError'{0x00000003c0c6e808}: 'java.lang.Object java.lang.invoke.DelegatingMethodHandle$Holder.reinvoke_L(java.lang.Object, java.lang.Object, int, double)'> (0x00000003c0c6e808) 
thrown [open/src/hotspot/share/interpreter/linkResolver.cpp, line 804]
Event: 1.348 Thread 0x00000001058960f0 Exception <a 'java/lang/NoSuchMethodError'{0x00000003c0ce98f0}: 'java.lang.Object java.lang.invoke.DirectMethodHandle$Holder.newInvokeSpecial(java.lang.Object, int, java.lang.Object)'> (0x00000003c0ce98f0) 
thrown [open/src/hotspot/share/interpreter/linkResolver.cpp, line 804]
Event: 1.382 Thread 0x00000001058960f0 Exception <a 'java/lang/NoSuchMethodError'{0x00000003bf4a0688}: 'double java.lang.invoke.DirectMethodHandle$Holder.invokeStaticInit(java.lang.Object, java.lang.Object)'> (0x00000003bf4a0688) 
thrown [open/src/hotspot/share/interpreter/linkResolver.cpp, line 804]
Event: 1.438 Thread 0x00000001058960f0 Exception <a 'java/lang/NoSuchMethodError'{0x00000003be7f6ca0}: 'java.lang.Object java.lang.invoke.DirectMethodHandle$Holder.invokeSpecial(java.lang.Object, java.lang.Object, java.lang.Object, int, int, java.lang.Object, java.lang.Object)'> (0x00000003be7f6ca0) 
thrown [open/src/hotspot/share/interpreter/linkResolver.cpp, line 804]
Event: 1.438 Thread 0x00000001058960f0 Exception <a 'java/lang/NoSuchMethodError'{0x00000003be7fefa8}: 'java.lang.Object java.lang.invoke.DelegatingMethodHandle$Holder.reinvoke_L(java.lang.Object, java.lang.Object, int, int, java.lang.Object, java.lang.Object)'> (0x00000003be7fefa8) 
thrown [open/src/hotspot/share/interpreter/linkResolver.cpp, line 804]
Event: 1.439 Thread 0x00000001058960f0 Exception <a 'java/lang/NoSuchMethodError'{0x00000003be01ef78}: 'java.lang.Object java.lang.invoke.DirectMethodHandle$Holder.invokeSpecial(java.lang.Object, java.lang.Object, java.lang.Object, java.lang.Object, java.lang.Object, java.lang.Object, java.lang.Object, java.lang.Object, java.lang.Object, java.lang.Object, java.lang.Object, java.lang.Object, java.lang.Object, java.lang.Object, java.lang.Object, java.lang.Object)'> (0x00000003be01ef78) 
thrown [open/src/hotspot/share/interpreter/linkResolver.cpp,
Event: 1.439 Thread 0x00000001058960f0 Exception <a 'java/lang/NoSuchMethodError'{0x00000003be028f18}: 'java.lang.Object java.lang.invoke.DirectMethodHandle$Holder.invokeSpecial(java.lang.Object, java.lang.Object, java.lang.Object, java.lang.Object, java.lang.Object, java.lang.Object, java.lang.Object, java.lang.Object, java.lang.Object, java.lang.Object, java.lang.Object, java.lang.Object, java.lang.Object, java.lang.Object, java.lang.Object, java.lang.Object, java.lang.Object)'> (0x00000003be028f18) 
thrown [open/src/hotspot/share/interpreter
Event: 1.439 Thread 0x00000001058960f0 Exception <a 'java/lang/NoSuchMethodError'{0x00000003be0323a8}: 'java.lang.Object java.lang.invoke.DelegatingMethodHandle$Holder.reinvoke_L(java.lang.Object, java.lang.Object, java.lang.Object, java.lang.Object, java.lang.Object, java.lang.Object, java.lang.Object, java.lang.Object, java.lang.Object, java.lang.Object, java.lang.Object, java.lang.Object, java.lang.Object, java.lang.Object, java.lang.Object, java.lang.Object)'> (0x00000003be0323a8) 
thrown [open/src/hotspot/share/interpreter/linkResolver.cpp
Event: 1.439 Thread 0x00000001058960f0 Exception <a 'java/lang/NoSuchMethodError'{0x00000003be044688}: 'java.lang.Object java.lang.invoke.Invokers$Holder.linkToTargetMethod(java.lang.Object, java.lang.Object, java.lang.Object, java.lang.Object, java.lang.Object, java.lang.Object, java.lang.Object, java.lang.Object, java.lang.Object, java.lang.Object, java.lang.Object, java.lang.Object, java.lang.Object, java.lang.Object, java.lang.Object)'> (0x00000003be044688) 
thrown [open/src/hotspot/share/interpreter/linkResolver.cpp, line 804]
Event: 1.440 Thread 0x00000001058960f0 Exception <a 'java/lang/NoSuchMethodError'{0x00000003be0787c8}: 'java.lang.Object java.lang.invoke.DirectMethodHandle$Holder.invokeSpecial(java.lang.Object, java.lang.Object, java.lang.Object, java.lang.Object, java.lang.Object, java.lang.Object, java.lang.Object, java.lang.Object, java.lang.Object, java.lang.Object, java.lang.Object, java.lang.Object, java.lang.Object, java.lang.Object)'> (0x00000003be0787c8) 
thrown [open/src/hotspot/share/interpreter/linkResolver.cpp, line 804]
Event: 1.440 Thread 0x00000001058960f0 Exception <a 'java/lang/NoSuchMethodError'{0x00000003be0823e0}: 'java.lang.Object java.lang.invoke.DirectMethodHandle$Holder.invokeSpecial(java.lang.Object, java.lang.Object, java.lang.Object, java.lang.Object, java.lang.Object, java.lang.Object, java.lang.Object, java.lang.Object, java.lang.Object, java.lang.Object, java.lang.Object, java.lang.Object, java.lang.Object, java.lang.Object, java.lang.Object)'> (0x00000003be0823e0) 
thrown [open/src/hotspot/share/interpreter/linkResolver.cpp, line 804]
Event: 1.440 Thread 0x00000001058960f0 Exception <a 'java/lang/NoSuchMethodError'{0x00000003be08b6e0}: 'java.lang.Object java.lang.invoke.DelegatingMethodHandle$Holder.reinvoke_L(java.lang.Object, java.lang.Object, java.lang.Object, java.lang.Object, java.lang.Object, java.lang.Object, java.lang.Object, java.lang.Object, java.lang.Object, java.lang.Object, java.lang.Object, java.lang.Object, java.lang.Object, java.lang.Object)'> (0x00000003be08b6e0) 
thrown [open/src/hotspot/share/interpreter/linkResolver.cpp, line 804]
Event: 1.440 Thread 0x00000001058960f0 Exception <a 'java/lang/NoSuchMethodError'{0x00000003be09d5f0}: 'java.lang.Object java.lang.invoke.Invokers$Holder.linkToTargetMethod(java.lang.Object, java.lang.Object, java.lang.Object, java.lang.Object, java.lang.Object, java.lang.Object, java.lang.Object, java.lang.Object, java.lang.Object, java.lang.Object, java.lang.Object, java.lang.Object, java.lang.Object)'> (0x00000003be09d5f0) 
thrown [open/src/hotspot/share/interpreter/linkResolver.cpp, line 804]

VM Operations (20 events):
Event: 0.116 Executing non-safepoint VM operation: HandshakeAllThreads (Deoptimize)
Event: 0.116 Executing non-safepoint VM operation: HandshakeAllThreads (Deoptimize) done
Event: 0.142 Executing non-safepoint VM operation: HandshakeAllThreads (Deoptimize)
Event: 0.142 Executing non-safepoint VM operation: HandshakeAllThreads (Deoptimize) done
Event: 0.142 Executing non-safepoint VM operation: HandshakeAllThreads (Deoptimize)
Event: 0.142 Executing non-safepoint VM operation: HandshakeAllThreads (Deoptimize) done
Event: 0.169 Executing non-safepoint VM operation: HandshakeAllThreads (Deoptimize)
Event: 0.169 Executing non-safepoint VM operation: HandshakeAllThreads (Deoptimize) done
Event: 0.179 Executing non-safepoint VM operation: HandshakeAllThreads (Deoptimize)
Event: 0.179 Executing non-safepoint VM operation: HandshakeAllThreads (Deoptimize) done
Event: 0.203 Executing non-safepoint VM operation: HandshakeAllThreads (Deoptimize)
Event: 0.203 Executing non-safepoint VM operation: HandshakeAllThreads (Deoptimize) done
Event: 0.238 Executing non-safepoint VM operation: HandshakeAllThreads (Deoptimize)
Event: 0.238 Executing non-safepoint VM operation: HandshakeAllThreads (Deoptimize) done
Event: 0.412 Executing safepoint VM operation: G1CollectForAllocation (G1 Evacuation Pause)
Event: 0.414 Executing safepoint VM operation: G1CollectForAllocation (G1 Evacuation Pause) done
Event: 0.425 Executing non-safepoint VM operation: HandshakeAllThreads (Deoptimize)
Event: 0.425 Executing non-safepoint VM operation: HandshakeAllThreads (Deoptimize) done
Event: 1.800 Executing safepoint VM operation: G1CollectForAllocation (G1 Evacuation Pause)
Event: 1.811 Executing safepoint VM operation: G1CollectForAllocation (G1 Evacuation Pause) done

Memory protections (11 events):
Event: 0.005 Protecting memory [0x000000016a684000,0x000000016a690000] with protection modes 0
Event: 0.008 Protecting memory [0x0000007c00000000,0x0000007c00004000] with protection modes 0
Event: 0.018 Protecting memory [0x000000016be7c000,0x000000016be88000] with protection modes 0
Event: 0.018 Protecting memory [0x000000016c088000,0x000000016c094000] with protection modes 0
Event: 0.018 Protecting memory [0x000000016c294000,0x000000016c2a0000] with protection modes 0
Event: 0.018 Protecting memory [0x000000016c4a0000,0x000000016c4ac000] with protection modes 0
Event: 0.018 Protecting memory [0x000000016c6ac000,0x000000016c6b8000] with protection modes 0
Event: 0.018 Protecting memory [0x000000016c8b8000,0x000000016c8c4000] with protection modes 0
Event: 0.018 Protecting memory [0x000000016cac4000,0x000000016cad0000] with protection modes 0
Event: 0.023 Protecting memory [0x000000016ccd0000,0x000000016ccdc000] with protection modes 0
Event: 0.024 Protecting memory [0x000000016cedc000,0x000000016cee8000] with protection modes 0

Nmethod flushes (0 events):
No events

Events (10 events):
Event: 0.009 Thread 0x00000001058960f0 Thread added: 0x00000001058960f0
Event: 0.018 Thread 0x00000001058960f0 Thread added: 0x0000000a68d98000
Event: 0.018 Thread 0x00000001058960f0 Thread added: 0x0000000a68d98800
Event: 0.018 Thread 0x00000001058960f0 Thread added: 0x0000000a68d99000
Event: 0.018 Thread 0x00000001058960f0 Thread added: 0x0000000a68d99800
Event: 0.018 Thread 0x00000001058960f0 Thread added: 0x0000000a68d9a000
Event: 0.018 Thread 0x00000001058960f0 Thread added: 0x0000000a69066800
Event: 0.018 Thread 0x00000001058960f0 Thread added: 0x0000000a69067200
Event: 0.023 Thread 0x00000001058960f0 Thread added: 0x0000000a68d9a800
Event: 0.024 Thread 0x00000001058960f0 Thread added: 0x0000000a68d9b000


Dynamic libraries:
0x0000000104fc0000 	/Users/moritzlindner/Library/Java/JavaVirtualMachines/openjdk-25.0.2/Contents/Home/lib/libjli.dylib
0x00000001a2a8e000 	/System/Library/Frameworks/ApplicationServices.framework/Versions/A/ApplicationServices
0x000000018cc44000 	/System/Library/Frameworks/CoreGraphics.framework/Versions/A/CoreGraphics
0x0000000188dc8000 	/System/Library/Frameworks/CoreText.framework/Versions/A/CoreText
0x0000000192fdf000 	/System/Library/Frameworks/ImageIO.framework/Versions/A/ImageIO
0x000000018d39a000 	/System/Library/Frameworks/ColorSync.framework/Versions/A/ColorSync
0x0000000199ead000 	/System/Library/Frameworks/ApplicationServices.framework/Versions/A/Frameworks/ATS.framework/Versions/A/ATS
0x000000019e3c1000 	/System/Library/Frameworks/CoreServices.framework/Versions/A/CoreServices
0x000000018d542000 	/System/Library/Frameworks/ApplicationServices.framework/Versions/A/Frameworks/HIServices.framework/Versions/A/HIServices
0x000000019857e000 	/System/Library/Frameworks/ApplicationServices.framework/Versions/A/Frameworks/PrintCore.framework/Versions/A/PrintCore
0x000000019a25f000 	/System/Library/Frameworks/ApplicationServices.framework/Versions/A/Frameworks/QD.framework/Versions/A/QD
0x000000019a25a000 	/System/Library/Frameworks/ApplicationServices.framework/Versions/A/Frameworks/ColorSyncLegacy.framework/Versions/A/ColorSyncLegacy
0x0000000199e7f000 	/System/Library/Frameworks/ApplicationServices.framework/Versions/A/Frameworks/SpeechSynthesis.framework/Versions/A/SpeechSynthesis
0x0000000195cf4000 	/usr/lib/libSystem.B.dylib
0x000000018c68d000 	/System/Library/PrivateFrameworks/SkyLight.framework/Versions/A/SkyLight
0x000000018dd84000 	/System/Library/PrivateFrameworks/ProtocolBuffer.framework/Versions/A/ProtocolBuffer
0x0000000195cf8000 	/System/Library/PrivateFrameworks/SoftLinking.framework/Versions/A/SoftLinking
0x0000000189ba6000 	/usr/lib/libicucore.A.dylib
0x000000018fa36000 	/System/Library/PrivateFrameworks/CoreAnalytics.framework/Versions/A/CoreAnalytics
0x00000001929ba000 	/System/Library/PrivateFrameworks/FontServices.framework/libFontParser.dylib
0x000000019e640000 	/System/Library/Frameworks/Accelerate.framework/Versions/A/Accelerate
0x00000001924ec000 	/System/Library/Frameworks/IOSurface.framework/Versions/A/IOSurface
0x000000019077a000 	/usr/lib/libxml2.2.dylib
0x000000018c1fe000 	/System/Library/Frameworks/CFNetwork.framework/Versions/A/CFNetwork
0x0000000185ee5000 	/System/Library/Frameworks/CoreFoundation.framework/Versions/A/CoreFoundation
0x0000000187752000 	/System/Library/Frameworks/Foundation.framework/Versions/C/Foundation
0x0000000195c3e000 	/usr/lib/libz.1.dylib
0x0000000185a40000 	/usr/lib/libobjc.A.dylib
0x0000000185db5000 	/usr/lib/libc++.1.dylib
0x0000000189787000 	/System/Library/Frameworks/Security.framework/Versions/A/Security
0x000000023e72f000 	/System/Library/PrivateFrameworks/CollectionsInternal.framework/Versions/A/CollectionsInternal
0x0000000199564000 	/usr/lib/swift/libswiftCore.dylib
0x00000001b31b2000 	/usr/lib/swift/libswiftCoreFoundation.dylib
0x00000001a012d000 	/usr/lib/swift/libswiftDispatch.dylib
0x00000001b3213000 	/usr/lib/swift/libswiftIOKit.dylib
0x00000001a3105000 	/usr/lib/swift/libswiftObjectiveC.dylib
0x00000001b31c5000 	/usr/lib/swift/libswiftXPC.dylib
0x000000028a826000 	/usr/lib/swift/libswift_Builtin_float.dylib
0x000000023b3f6000 	/System/Library/PrivateFrameworks/BiomeLibrary.framework/Versions/A/BiomeLibrary
0x000000018e02b000 	/System/Library/PrivateFrameworks/BaseBoard.framework/Versions/A/BaseBoard
0x00000001a048e000 	/System/Library/PrivateFrameworks/BoardServices.framework/Versions/A/BoardServices
0x00000001a235b000 	/System/Library/PrivateFrameworks/BackBoardServices.framework/Versions/A/BackBoardServices
0x000000023b2fb000 	/System/Library/PrivateFrameworks/BackBoardHIDEventFoundation.framework/Versions/A/BackBoardHIDEventFoundation
0x0000000190861000 	/System/Library/Frameworks/CoreVideo.framework/Versions/A/CoreVideo
0x000000018fa66000 	/usr/lib/libDiagnosticMessagesClient.dylib
0x00000001888e4000 	/System/Library/Frameworks/CoreDisplay.framework/Versions/A/CoreDisplay
0x0000000194f4b000 	/usr/lib/libbsm.0.dylib
0x0000000197ed7000 	/System/Library/Frameworks/VideoToolbox.framework/Versions/A/VideoToolbox
0x0000000195f14000 	/System/Library/Frameworks/MetalPerformanceShaders.framework/Versions/A/MetalPerformanceShaders
0x0000000194bfa000 	/System/Library/PrivateFrameworks/IOMobileFramebuffer.framework/Versions/A/IOMobileFramebuffer
0x0000000269538000 	/System/Library/PrivateFrameworks/ProDisplayLibrary.framework/Versions/A/ProDisplayLibrary
0x00000001a618c000 	/System/Library/PrivateFrameworks/IOSurfaceAccelerator.framework/Versions/A/IOSurfaceAccelerator
0x000000018e11d000 	/System/Library/PrivateFrameworks/RunningBoardServices.framework/Versions/A/RunningBoardServices
0x00000001873c1000 	/System/Library/Frameworks/SystemConfiguration.framework/Versions/A/SystemConfiguration
0x0000000192514000 	/System/Library/Frameworks/Metal.framework/Versions/A/Metal
0x0000000192509000 	/System/Library/PrivateFrameworks/IOAccelerator.framework/Versions/A/IOAccelerator
0x0000000192818000 	/System/Library/Frameworks/CoreMedia.framework/Versions/A/CoreMedia
0x000000018c669000 	/System/Library/PrivateFrameworks/TCC.framework/Versions/A/TCC
0x000000018c5d1000 	/usr/lib/libMobileGestalt.dylib
0x0000000197e8f000 	/System/Library/PrivateFrameworks/WatchdogClient.framework/Versions/A/WatchdogClient
0x000000018ff90000 	/System/Library/Frameworks/QuartzCore.framework/Versions/A/QuartzCore
0x000000018a1fe000 	/System/Library/Frameworks/IOKit.framework/Versions/A/IOKit
0x0000000195f1c000 	/usr/lib/libcompression.dylib
0x0000000197e91000 	/System/Library/PrivateFrameworks/MultitouchSupport.framework/Versions/A/MultitouchSupport
0x00000001cafea000 	/usr/lib/swift/libswiftAccelerate.dylib
0x00000001b3192000 	/usr/lib/swift/libswiftCoreAudio.dylib
0x00000001cf165000 	/usr/lib/swift/libswiftCoreMedia.dylib
0x00000001c1153000 	/usr/lib/swift/libswiftMetal.dylib
0x00000001d0918000 	/usr/lib/swift/libswiftOSLog.dylib
0x00000001c6547000 	/usr/lib/swift/libswiftQuartzCore.dylib
0x00000001cafda000 	/usr/lib/swift/libswiftUniformTypeIdentifiers.dylib
0x000000028a80e000 	/usr/lib/swift/libswiftVideoToolbox.dylib
0x00000001a3109000 	/usr/lib/swift/libswiftos.dylib
0x00000001b6d04000 	/usr/lib/swift/libswiftsimd.dylib
0x00000001c21be000 	/System/Library/PrivateFrameworks/BiomeStreams.framework/Versions/A/BiomeStreams
0x00000001c84a1000 	/System/Library/PrivateFrameworks/BiomeStorage.framework/Versions/A/BiomeStorage
0x00000001be224000 	/System/Library/PrivateFrameworks/BiomeFoundation.framework/Versions/A/BiomeFoundation
0x0000000257a55000 	/System/Library/PrivateFrameworks/IntelligencePlatformLibrary.framework/Versions/A/IntelligencePlatformLibrary
0x000000018dda0000 	/usr/lib/libsqlite3.dylib
0x00000002682fc000 	/System/Library/PrivateFrameworks/PoirotSchematizer.framework/Versions/A/PoirotSchematizer
0x000000023bca9000 	/System/Library/PrivateFrameworks/BiomeSync.framework/Versions/A/BiomeSync
0x000000023b3dc000 	/System/Library/PrivateFrameworks/BiomeDSL.framework/Versions/A/BiomeDSL
0x00000001c8440000 	/System/Library/PrivateFrameworks/BiomePubSub.framework/Versions/A/BiomePubSub
0x00000001b3074000 	/System/Library/PrivateFrameworks/LoggingSupport.framework/Versions/A/LoggingSupport
0x00000001a4070000 	/System/Library/PrivateFrameworks/ProactiveSupport.framework/Versions/A/ProactiveSupport
0x00000001e1504000 	/System/Library/PrivateFrameworks/FeatureFlags.framework/Versions/A/FeatureFlags
0x00000001d933b000 	/System/Library/PrivateFrameworks/InternalSwiftProtobuf.framework/Versions/A/InternalSwiftProtobuf
0x000000026836a000 	/System/Library/PrivateFrameworks/PoirotUDFs.framework/Versions/A/PoirotUDFs
0x000000028a957000 	/usr/lib/swift/libswift_StringProcessing.dylib
0x0000000195cee000 	/usr/lib/system/libcache.dylib
0x0000000195ca9000 	/usr/lib/system/libcommonCrypto.dylib
0x0000000195cd4000 	/usr/lib/system/libcompiler_rt.dylib
0x0000000195cc9000 	/usr/lib/system/libcopyfile.dylib
0x0000000185be9000 	/usr/lib/system/libcorecrypto.dylib
0x0000000185ce9000 	/usr/lib/system/libdispatch.dylib
0x0000000185a93000 	/usr/lib/system/libdyld.dylib
0x0000000195ce4000 	/usr/lib/system/libkeymgr.dylib
0x0000000195c8c000 	/usr/lib/system/libmacho.dylib
0x0000000194f23000 	/usr/lib/system/libquarantine.dylib
0x0000000195ce1000 	/usr/lib/system/libremovefile.dylib
0x000000018c651000 	/usr/lib/system/libsystem_asl.dylib
0x0000000185b6f000 	/usr/lib/system/libsystem_blocks.dylib
0x0000000185d34000 	/usr/lib/system/libsystem_c.dylib
0x0000000195cd8000 	/usr/lib/system/libsystem_collections.dylib
0x00000001938c4000 	/usr/lib/system/libsystem_configuration.dylib
0x00000001924b3000 	/usr/lib/system/libsystem_containermanager.dylib
0x00000001956c2000 	/usr/lib/system/libsystem_coreservices.dylib
0x0000000189e7c000 	/usr/lib/system/libsystem_darwin.dylib
0x000000028ab48000 	/usr/lib/system/libsystem_darwindirectory.dylib
0x0000000195ce5000 	/usr/lib/system/libsystem_dnssd.dylib
0x000000028ab4c000 	/usr/lib/system/libsystem_eligibility.dylib
0x0000000185d31000 	/usr/lib/system/libsystem_featureflags.dylib
0x0000000185eb5000 	/usr/lib/system/libsystem_info.dylib
0x0000000195c4d000 	/usr/lib/system/libsystem_m.dylib
0x0000000185c98000 	/usr/lib/system/libsystem_malloc.dylib
0x000000018c5b4000 	/usr/lib/system/libsystem_networkextension.dylib
0x000000018a2e7000 	/usr/lib/system/libsystem_notify.dylib
0x00000001938c9000 	/usr/lib/system/libsystem_sandbox.dylib
0x000000028ab56000 	/usr/lib/system/libsystem_sanitizers.dylib
0x0000000195cdd000 	/usr/lib/system/libsystem_secinit.dylib
0x0000000185e61000 	/usr/lib/system/libsystem_kernel.dylib
0x0000000185eac000 	/usr/lib/system/libsystem_platform.dylib
0x0000000185e9f000 	/usr/lib/system/libsystem_pthread.dylib
0x000000018e20f000 	/usr/lib/system/libsystem_symptoms.dylib
0x0000000185bc8000 	/usr/lib/system/libsystem_trace.dylib
0x000000028ab5e000 	/usr/lib/system/libsystem_trial.dylib
0x0000000195cb7000 	/usr/lib/system/libunwind.dylib
0x0000000185b73000 	/usr/lib/system/libxpc.dylib
0x0000000185e46000 	/usr/lib/libc++abi.dylib
0x0000000288f2b000 	/usr/lib/libRosetta.dylib
0x000000028a3b1000 	/usr/lib/libswiftPrespecialized.dylib
0x0000000190731000 	/System/Library/PrivateFrameworks/CoreAutoLayout.framework/Versions/A/CoreAutoLayout
0x0000000195cf6000 	/usr/lib/libfakelink.dylib
0x000000018fb61000 	/System/Library/Frameworks/DiskArbitration.framework/Versions/A/DiskArbitration
0x0000000195d49000 	/usr/lib/libarchive.2.dylib
0x00000001938d7000 	/usr/lib/liblangid.dylib
0x000000019c05b000 	/System/Library/Frameworks/Combine.framework/Versions/A/Combine
0x000000026a62e000 	/System/Library/PrivateFrameworks/ReflectionInternal.framework/Versions/A/ReflectionInternal
0x000000026b581000 	/System/Library/PrivateFrameworks/RuntimeInternal.framework/Versions/A/RuntimeInternal
0x00000001b004a000 	/usr/lib/swift/libswiftDarwin.dylib
0x000000028a7f4000 	/usr/lib/swift/libswiftSystem.dylib
0x000000028a827000 	/usr/lib/swift/libswift_Concurrency.dylib
0x000000028a8b3000 	/usr/lib/swift/libswift_DarwinFoundation1.dylib
0x000000018a17e000 	/System/Library/PrivateFrameworks/CoreServicesInternal.framework/Versions/A/CoreServicesInternal
0x0000000195cc1000 	/usr/lib/liboah.dylib
0x00000001a2539000 	/System/Library/PrivateFrameworks/DiskImages.framework/Versions/A/DiskImages
0x00000001afaef000 	/System/Library/Frameworks/NetFS.framework/Versions/A/NetFS
0x00000001906f6000 	/System/Library/Frameworks/CoreServices.framework/Versions/A/Frameworks/FSEvents.framework/Versions/A/FSEvents
0x0000000189e86000 	/System/Library/Frameworks/CoreServices.framework/Versions/A/Frameworks/CarbonCore.framework/Versions/A/CarbonCore
0x000000018fad5000 	/System/Library/Frameworks/CoreServices.framework/Versions/A/Frameworks/Metadata.framework/Versions/A/Metadata
0x00000001956c9000 	/System/Library/Frameworks/CoreServices.framework/Versions/A/Frameworks/OSServices.framework/Versions/A/OSServices
0x0000000195e41000 	/System/Library/Frameworks/CoreServices.framework/Versions/A/Frameworks/SearchKit.framework/Versions/A/SearchKit
0x000000018e189000 	/System/Library/Frameworks/CoreServices.framework/Versions/A/Frameworks/AE.framework/Versions/A/AE
0x0000000186444000 	/System/Library/Frameworks/CoreServices.framework/Versions/A/Frameworks/LaunchServices.framework/Versions/A/LaunchServices
0x00000001971c7000 	/System/Library/Frameworks/CoreServices.framework/Versions/A/Frameworks/DictionaryServices.framework/Versions/A/DictionaryServices
0x0000000190703000 	/System/Library/Frameworks/CoreServices.framework/Versions/A/Frameworks/SharedFileList.framework/Versions/A/SharedFileList
0x0000000195ed4000 	/usr/lib/libapple_nghttp2.dylib
0x000000018df89000 	/System/Library/Frameworks/Accounts.framework/Versions/A/Accounts
0x00000001a277b000 	/System/Library/PrivateFrameworks/AppSupport.framework/Versions/A/AppSupport
0x00000001b1f76000 	/System/Library/Frameworks/AVFoundation.framework/Versions/A/AVFoundation
0x000000019a296000 	/System/Library/Frameworks/GSS.framework/Versions/A/GSS
0x0000000198688000 	/System/Library/PrivateFrameworks/InternationalSupport.framework/Versions/A/InternationalSupport
0x00000001a308d000 	/System/Library/PrivateFrameworks/StreamingZip.framework/Versions/A/StreamingZip
0x000000018c5cf000 	/usr/lib/libenergytrace.dylib
0x000000018e218000 	/System/Library/Frameworks/Network.framework/Versions/A/Network
0x0000000195c90000 	/usr/lib/system/libkxld.dylib
0x0000000239d0f000 	/System/Library/PrivateFrameworks/AppleKeyStore.framework/Versions/A/AppleKeyStore
0x0000000288c2d000 	/usr/lib/libCoreEntitlements.dylib
0x000000025ed11000 	/System/Library/PrivateFrameworks/MessageSecurity.framework/Versions/A/MessageSecurity
0x000000019f53c000 	/System/Library/PrivateFrameworks/SymptomDiagnosticReporter.framework/Versions/A/SymptomDiagnosticReporter
0x000000019740c000 	/System/Library/PrivateFrameworks/CrashReporterSupport.framework/Versions/A/CrashReporterSupport
0x00000001956a9000 	/System/Library/PrivateFrameworks/AppleFSCompression.framework/Versions/A/AppleFSCompression
0x0000000194f33000 	/usr/lib/libcoretls.dylib
0x000000019723d000 	/usr/lib/libcoretls_cfhelpers.dylib
0x0000000195f16000 	/usr/lib/libpam.2.dylib
0x00000001972b3000 	/usr/lib/libxar.1.dylib
0x000000019723f000 	/System/Library/PrivateFrameworks/APFS.framework/Versions/A/APFS
0x0000000276cae000 	/System/Library/PrivateFrameworks/SwiftASN1Internal.framework/Versions/A/SwiftASN1Internal
0x00000001972c2000 	/usr/lib/libutil.dylib
0x00000001938d2000 	/System/Library/PrivateFrameworks/AppleSystemInfo.framework/Versions/A/AppleSystemInfo
0x00000001a1e99000 	/System/Library/PrivateFrameworks/CoreWiFi.framework/Versions/A/CoreWiFi
0x000000019a2f9000 	/System/Library/PrivateFrameworks/MobileAsset.framework/Versions/A/MobileAsset
0x000000019f54c000 	/System/Library/PrivateFrameworks/PowerLog.framework/Versions/A/PowerLog
0x00000001a0a0e000 	/System/Library/PrivateFrameworks/Rapport.framework/Versions/A/Rapport
0x0000000232932000 	/System/Library/Frameworks/SwiftData.framework/Versions/A/SwiftData
0x000000018bc33000 	/System/Library/Frameworks/UniformTypeIdentifiers.framework/Versions/A/UniformTypeIdentifiers
0x0000000190923000 	/System/Library/PrivateFrameworks/UserManagement.framework/Versions/A/UserManagement
0x000000018c125000 	/usr/lib/libboringssl.dylib
0x000000018e1fd000 	/usr/lib/libdns_services.dylib
0x00000001b20aa000 	/usr/lib/libquic.dylib
0x00000001994f5000 	/usr/lib/libusrtcp.dylib
0x000000023abc8000 	/System/Library/PrivateFrameworks/AtomicsInternal.framework/Versions/A/AtomicsInternal
0x000000028a67b000 	/usr/lib/swift/libswiftDistributed.dylib
0x000000028a6a4000 	/usr/lib/swift/libswiftObservation.dylib
0x000000028a7e0000 	/usr/lib/swift/libswiftSynchronization.dylib
0x00000001938d0000 	/System/Library/PrivateFrameworks/AggregateDictionary.framework/Versions/A/AggregateDictionary
0x000000018d996000 	/System/Library/Frameworks/CoreData.framework/Versions/A/CoreData
0x000000023498d000 	/System/Library/Frameworks/_LocationEssentials.framework/Versions/A/_LocationEssentials
0x000000019721e000 	/usr/lib/liblzma.5.dylib
0x0000000194e2c000 	/System/Library/PrivateFrameworks/MobileKeyBag.framework/Versions/A/MobileKeyBag
0x00000001a2a8f000 	/System/Library/PrivateFrameworks/InternationalTextSearch.framework/Versions/A/InternationalTextSearch
0x00000001ba700000 	/System/Library/PrivateFrameworks/SoftwareUpdateCoreSupport.framework/Versions/A/SoftwareUpdateCoreSupport
0x00000001c2c5c000 	/System/Library/PrivateFrameworks/SoftwareUpdateCoreConnect.framework/Versions/A/SoftwareUpdateCoreConnect
0x00000001a2633000 	/System/Library/PrivateFrameworks/RemoteServiceDiscovery.framework/Versions/A/RemoteServiceDiscovery
0x00000001ba2d8000 	/System/Library/PrivateFrameworks/MSUDataAccessor.framework/Versions/A/MSUDataAccessor
0x00000001b5240000 	/usr/lib/libbootpolicy.dylib
0x00000001a264a000 	/System/Library/PrivateFrameworks/RemoteXPC.framework/Versions/A/RemoteXPC
0x00000001c2092000 	/usr/lib/libFDR.dylib
0x00000001c8042000 	/usr/lib/libamsupport.dylib
0x0000000288f23000 	/usr/lib/libReverseProxyDevice.dylib
0x000000023957f000 	/System/Library/PrivateFrameworks/AppleDeviceQuerySupport.framework/Versions/A/AppleDeviceQuerySupport
0x00000001cb204000 	/usr/lib/libpartition2_dynamic.dylib
0x0000000195eb0000 	/System/Library/PrivateFrameworks/AppleSauce.framework/Versions/A/AppleSauce
0x0000000288ad8000 	/usr/lib/libAppleArchive.dylib
0x00000001956b5000 	/usr/lib/libbz2.1.0.dylib
0x000000018fb6b000 	/System/Library/Frameworks/Accelerate.framework/Versions/A/Frameworks/vImage.framework/Versions/A/vImage
0x000000019e39c000 	/System/Library/Frameworks/Accelerate.framework/Versions/A/Frameworks/vecLib.framework/Versions/A/vecLib
0x00000001972f9000 	/System/Library/Frameworks/Accelerate.framework/Versions/A/Frameworks/vecLib.framework/Versions/A/libvMisc.dylib
0x0000000186948000 	/System/Library/Frameworks/Accelerate.framework/Versions/A/Frameworks/vecLib.framework/Versions/A/libBLAS.dylib
0x000000022b38c000 	/System/Library/Frameworks/OpenGL.framework/Versions/A/OpenGL
0x000000024d70c000 	/System/Library/PrivateFrameworks/GPUCompiler.framework/Versions/32023/Libraries/libllvm-flatbuffers.dylib
0x000000024816b000 	/System/Library/PrivateFrameworks/FramePacing.framework/Versions/A/FramePacing
0x000000022b37e000 	/System/Library/Frameworks/OpenGL.framework/Versions/A/Libraries/libCoreFSCache.dylib
0x0000000249299000 	/System/Library/PrivateFrameworks/GPUCompiler.framework/Versions/32023/Libraries/libGPUCompilerUtils.dylib
0x000000022b3dd000 	/System/Library/Frameworks/OpenGL.framework/Versions/A/Libraries/libGLU.dylib
0x000000022b3a0000 	/System/Library/Frameworks/OpenGL.framework/Versions/A/Libraries/libGFXShared.dylib
0x000000022b56d000 	/System/Library/Frameworks/OpenGL.framework/Versions/A/Libraries/libGL.dylib
0x000000022b3a9000 	/System/Library/Frameworks/OpenGL.framework/Versions/A/Libraries/libGLImage.dylib
0x000000022b39d000 	/System/Library/Frameworks/OpenGL.framework/Versions/A/Libraries/libCVMSPluginSupport.dylib
0x000000022b386000 	/System/Library/Frameworks/OpenGL.framework/Versions/A/Libraries/libCoreVMClient.dylib
0x0000000194a88000 	/System/Library/Frameworks/Accelerate.framework/Versions/A/Frameworks/vecLib.framework/Versions/A/libvDSP.dylib
0x0000000195ff6000 	/System/Library/Frameworks/Accelerate.framework/Versions/A/Frameworks/vecLib.framework/Versions/A/libLAPACK.dylib
0x0000000194fbf000 	/System/Library/Frameworks/Accelerate.framework/Versions/A/Frameworks/vecLib.framework/Versions/A/libLinearAlgebra.dylib
0x0000000195eed000 	/System/Library/Frameworks/Accelerate.framework/Versions/A/Frameworks/vecLib.framework/Versions/A/libSparseBLAS.dylib
0x0000000195ff1000 	/System/Library/Frameworks/Accelerate.framework/Versions/A/Frameworks/vecLib.framework/Versions/A/libQuadrature.dylib
0x0000000193a00000 	/System/Library/Frameworks/Accelerate.framework/Versions/A/Frameworks/vecLib.framework/Versions/A/libBNNS.dylib
0x0000000187253000 	/System/Library/Frameworks/Accelerate.framework/Versions/A/Frameworks/vecLib.framework/Versions/A/libSparse.dylib
0x0000000259b05000 	/System/Library/PrivateFrameworks/MIL.framework/Versions/A/MIL
0x00000001c50ad000 	/System/Library/PrivateFrameworks/OSAnalytics.framework/Versions/A/OSAnalytics
0x0000000245dd8000 	/System/Library/PrivateFrameworks/DeviceRecovery.framework/Versions/A/DeviceRecovery
0x00000001a08a6000 	/System/Library/PrivateFrameworks/CoreSymbolication.framework/Versions/A/CoreSymbolication
0x00000001d49e7000 	/System/Library/PrivateFrameworks/Symbolication.framework/Versions/A/Symbolication
0x00000001a0884000 	/System/Library/PrivateFrameworks/DebugSymbols.framework/Versions/A/DebugSymbols
0x00000001b3103000 	/System/Library/PrivateFrameworks/MallocStackLogging.framework/Versions/A/MallocStackLogging
0x000000028a8b8000 	/usr/lib/swift/libswift_RegexParser.dylib
0x000000019c14f000 	/System/Library/PrivateFrameworks/GeoServices.framework/Versions/A/GeoServices
0x0000000199b7f000 	/System/Library/PrivateFrameworks/LocationSupport.framework/Versions/A/LocationSupport
0x000000019f431000 	/System/Library/Frameworks/CoreBluetooth.framework/Versions/A/CoreBluetooth
0x000000025125f000 	/System/Library/PrivateFrameworks/GeoServicesCore.framework/Versions/A/GeoServicesCore
0x00000001abf38000 	/System/Library/PrivateFrameworks/PhoneNumbers.framework/Versions/A/PhoneNumbers
0x000000019a470000 	/System/Library/PrivateFrameworks/CorePhoneNumbers.framework/Versions/A/CorePhoneNumbers
0x0000000195d2e000 	/usr/lib/libiconv.2.dylib
0x0000000195c8b000 	/usr/lib/libcharset.1.dylib
0x000000022d408000 	/System/Library/Frameworks/ExtensionFoundation.framework/Versions/A/ExtensionFoundation
0x00000001978e6000 	/System/Library/PrivateFrameworks/AppServerSupport.framework/Versions/A/AppServerSupport
0x0000000263d72000 	/System/Library/PrivateFrameworks/OSEligibility.framework/Versions/A/OSEligibility
0x00000001976e9000 	/System/Library/PrivateFrameworks/IconServices.framework/Versions/A/IconServices
0x000000022e7ec000 	/System/Library/Frameworks/LightweightCodeRequirements.framework/Versions/A/LightweightCodeRequirements
0x0000000197563000 	/System/Library/PrivateFrameworks/PlugInKit.framework/Versions/A/PlugInKit
0x0000000194e44000 	/System/Library/PrivateFrameworks/AssertionServices.framework/Versions/A/AssertionServices
0x0000000197c89000 	/System/Library/PrivateFrameworks/AppleJPEG.framework/Versions/A/AppleJPEG
0x0000000197663000 	/usr/lib/libexpat.1.dylib
0x0000000198454000 	/System/Library/Frameworks/ImageIO.framework/Versions/A/Resources/libPng.dylib
0x000000019847f000 	/System/Library/Frameworks/ImageIO.framework/Versions/A/Resources/libTIFF.dylib
0x0000000198567000 	/System/Library/Frameworks/ImageIO.framework/Versions/A/Resources/libGIF.dylib
0x0000000197cce000 	/System/Library/Frameworks/ImageIO.framework/Versions/A/Resources/libJP2.dylib
0x0000000197373000 	/usr/lib/libate.dylib
0x000000019850e000 	/System/Library/Frameworks/ImageIO.framework/Versions/A/Resources/libJPEG.dylib
0x0000000198505000 	/System/Library/Frameworks/ImageIO.framework/Versions/A/Resources/libRadiance.dylib
0x000000028a8b6000 	/usr/lib/swift/libswift_DarwinFoundation2.dylib
0x000000028a8b7000 	/usr/lib/swift/libswift_DarwinFoundation3.dylib
0x0000000197688000 	/System/Library/PrivateFrameworks/IconFoundation.framework/Versions/A/IconFoundation
0x00000002545e3000 	/System/Library/PrivateFrameworks/IconRendering.framework/Versions/A/IconRendering
0x00000001903f8000 	/System/Library/PrivateFrameworks/CoreUI.framework/Versions/A/CoreUI
0x000000019331f000 	/System/Library/Frameworks/CoreImage.framework/Versions/A/CoreImage
0x000000026b74d000 	/System/Library/PrivateFrameworks/SFSymbols.framework/Versions/A/SFSymbols
0x000000022d2be000 	/System/Library/Frameworks/DeveloperToolsSupport.framework/Versions/A/DeveloperToolsSupport
0x00000001aa301000 	/System/Library/PrivateFrameworks/RenderBox.framework/Versions/A/RenderBox
0x0000000192fa1000 	/System/Library/PrivateFrameworks/CoreSVG.framework/Versions/A/CoreSVG
0x00000001985f1000 	/System/Library/PrivateFrameworks/TextureIO.framework/Versions/A/TextureIO
0x00000001b3212000 	/usr/lib/swift/libswiftCoreImage.dylib
0x0000000197896000 	/System/Library/PrivateFrameworks/GraphVisualizer.framework/Versions/A/GraphVisualizer
0x0000000248076000 	/System/Library/PrivateFrameworks/FontServices.framework/Versions/A/FontServices
0x00000001978a6000 	/System/Library/PrivateFrameworks/OTSVG.framework/Versions/A/OTSVG
0x00000001903a6000 	/System/Library/Frameworks/ApplicationServices.framework/Versions/A/Frameworks/ATS.framework/Versions/A/Resources/libFontRegistry.dylib
0x00000002899eb000 	/usr/lib/libhvf.dylib
0x00000002649fe000 	/System/Library/PrivateFrameworks/ParsingInternal.framework/Versions/A/ParsingInternal
0x000000024807a000 	/System/Library/PrivateFrameworks/FontServices.framework/libXTFontStaticRegistryData.dylib
0x000000019380a000 	/System/Library/Frameworks/MetalPerformanceShaders.framework/Versions/A/Frameworks/MPSCore.framework/Versions/A/MPSCore
0x0000000195614000 	/System/Library/Frameworks/MetalPerformanceShaders.framework/Versions/A/Frameworks/MPSImage.framework/Versions/A/MPSImage
0x0000000194fd3000 	/System/Library/Frameworks/MetalPerformanceShaders.framework/Versions/A/Frameworks/MPSNeuralNetwork.framework/Versions/A/MPSNeuralNetwork
0x0000000195412000 	/System/Library/Frameworks/MetalPerformanceShaders.framework/Versions/A/Frameworks/MPSMatrix.framework/Versions/A/MPSMatrix
0x000000019522a000 	/System/Library/Frameworks/MetalPerformanceShaders.framework/Versions/A/Frameworks/MPSRayIntersector.framework/Versions/A/MPSRayIntersector
0x0000000195444000 	/System/Library/Frameworks/MetalPerformanceShaders.framework/Versions/A/Frameworks/MPSNDArray.framework/Versions/A/MPSNDArray
0x000000022f671000 	/System/Library/Frameworks/MetalPerformanceShaders.framework/Versions/A/Frameworks/MPSFunctions.framework/Versions/A/MPSFunctions
0x000000022f652000 	/System/Library/Frameworks/MetalPerformanceShaders.framework/Versions/A/Frameworks/MPSBenchmarkLoop.framework/Versions/A/MPSBenchmarkLoop
0x000000022f685000 	/System/Library/Frameworks/MetalPerformanceShaders.framework/Versions/A/Frameworks/MPSHost.framework/Versions/A/MPSHost
0x000000018675f000 	/System/Library/PrivateFrameworks/MetalTools.framework/Versions/A/MetalTools
0x00000001b8429000 	/System/Library/PrivateFrameworks/IOAccelMemoryInfo.framework/Versions/A/IOAccelMemoryInfo
0x00000001c693a000 	/System/Library/PrivateFrameworks/kperf.framework/Versions/A/kperf
0x00000001b318e000 	/System/Library/PrivateFrameworks/GPURawCounter.framework/Versions/A/GPURawCounter
0x00000001a41fb000 	/System/Library/PrivateFrameworks/ASEProcessing.framework/Versions/A/ASEProcessing
0x0000000267eab000 	/System/Library/PrivateFrameworks/PhotosensitivityProcessing.framework/Versions/A/PhotosensitivityProcessing
0x000000026b7d3000 	/System/Library/PrivateFrameworks/SILManager.framework/Versions/A/SILManager
0x000000027a101000 	/System/Library/PrivateFrameworks/Tightbeam.framework/Versions/A/Tightbeam
0x00000001c1161000 	/usr/lib/swift/libswiftCompression.dylib
0x00000001cb771000 	/System/Library/PrivateFrameworks/AFKUser.framework/Versions/A/AFKUser
0x0000000198539000 	/System/Library/Frameworks/ApplicationServices.framework/Versions/A/Frameworks/ATSUI.framework/Versions/A/ATSUI
0x0000000199c0f000 	/System/Library/Frameworks/AudioToolbox.framework/Versions/A/AudioToolbox
0x0000000195a82000 	/System/Library/Frameworks/UserNotifications.framework/Versions/A/UserNotifications
0x00000001b8bbe000 	/System/Library/PrivateFrameworks/SiriInstrumentation.framework/Versions/A/SiriInstrumentation
0x000000026dc2e000 	/System/Library/PrivateFrameworks/SiriAnalytics.framework/Versions/A/SiriAnalytics
0x00000001b6326000 	/System/Library/PrivateFrameworks/FeedbackLogger.framework/Versions/A/FeedbackLogger
0x00000001d0bb1000 	/usr/lib/swift/libswiftAVFoundation.dylib
0x000000027c929000 	/System/Library/PrivateFrameworks/UnifiedAssetFramework.framework/Versions/A/UnifiedAssetFramework
0x0000000188a05000 	/System/Library/PrivateFrameworks/AudioToolboxCore.framework/Versions/A/AudioToolboxCore
0x0000000199de4000 	/System/Library/PrivateFrameworks/AudioSession.framework/Versions/A/AudioSession
0x00000001a547e000 	/System/Library/Frameworks/CoreMIDI.framework/Versions/A/CoreMIDI
0x0000000199e65000 	/usr/lib/libAudioStatistics.dylib
0x00000001927ee000 	/System/Library/PrivateFrameworks/caulk.framework/Versions/A/caulk
0x0000000188ff1000 	/System/Library/Frameworks/CoreAudio.framework/Versions/A/CoreAudio
0x000000019842e000 	/usr/lib/libAudioToolboxUtility.dylib
0x00000001b9aec000 	/usr/lib/swift/libswiftCoreMIDI.dylib
0x000000019a268000 	/System/Library/PrivateFrameworks/perfdata.framework/Versions/A/perfdata
0x00000001b219f000 	/System/Library/PrivateFrameworks/SystemPolicy.framework/Versions/A/SystemPolicy
0x000000019a10d000 	/usr/lib/libSMC.dylib
0x000000019a276000 	/usr/lib/libperfcheck.dylib
0x000000023ac97000 	/System/Library/PrivateFrameworks/AudioAnalytics.framework/Versions/A/AudioAnalytics
0x00000001d9029000 	/System/Library/Frameworks/OSLog.framework/Versions/A/OSLog
0x00000001b3135000 	/usr/lib/libmis.dylib
0x00000001a0a03000 	/System/Library/PrivateFrameworks/CoreTime.framework/Versions/A/CoreTime
0x00000001977a7000 	/System/Library/PrivateFrameworks/MediaExperience.framework/Versions/A/MediaExperience
0x0000000199bb9000 	/System/Library/PrivateFrameworks/AudioSession.framework/libSessionUtility.dylib
0x000000019856d000 	/System/Library/PrivateFrameworks/CMCaptureCore.framework/Versions/A/CMCaptureCore
0x00000001978f3000 	/usr/lib/libspindump.dylib
0x0000000194cb7000 	/System/Library/PrivateFrameworks/CoreUtils.framework/Versions/A/CoreUtils
0x00000001ab034000 	/System/Library/PrivateFrameworks/HID.framework/Versions/A/HID
0x0000000244cf1000 	/System/Library/PrivateFrameworks/CoreUtilsExtras.framework/Versions/A/CoreUtilsExtras
0x0000000254538000 	/System/Library/PrivateFrameworks/IO80211.framework/Versions/A/IO80211
0x000000019bda7000 	/System/Library/Frameworks/IOBluetooth.framework/Versions/A/IOBluetooth
0x000000028a6c3000 	/usr/lib/swift/libswiftRegexBuilder.dylib
0x0000000197403000 	/usr/lib/libIOReport.dylib
0x00000001e1588000 	/System/Library/PrivateFrameworks/WiFiPeerToPeer.framework/Versions/A/WiFiPeerToPeer
0x0000000194e53000 	/System/Library/Frameworks/SecurityFoundation.framework/Versions/A/SecurityFoundation
0x000000023d393000 	/System/Library/PrivateFrameworks/Centauri.framework/Versions/A/Centauri
0x0000000187143000 	/System/Library/PrivateFrameworks/Lexicon.framework/Versions/A/Lexicon
0x0000000289e3b000 	/usr/lib/libmrc.dylib
0x00000002545a3000 	/System/Library/PrivateFrameworks/IPConfiguration.framework/Versions/A/IPConfiguration
0x00000001d51be000 	/System/Library/PrivateFrameworks/Netrb.framework/Versions/A/Netrb
0x00000001a03b4000 	/System/Library/PrivateFrameworks/FrontBoardServices.framework/Versions/A/FrontBoardServices
0x0000000194fbc000 	/usr/lib/libgermantok.dylib
0x00000001939f9000 	/System/Library/PrivateFrameworks/LinguisticData.framework/Versions/A/LinguisticData
0x00000001a055b000 	/System/Library/PrivateFrameworks/GraphicsServices.framework/Versions/A/GraphicsServices
0x000000019f63a000 	/System/Library/PrivateFrameworks/MediaKit.framework/Versions/A/MediaKit
0x000000019f588000 	/System/Library/Frameworks/DiscRecording.framework/Versions/A/DiscRecording
0x000000019767e000 	/usr/lib/libheimdal-asn1.dylib
0x00000001a3063000 	/System/Library/Frameworks/AudioUnit.framework/Versions/A/AudioUnit
0x00000001906be000 	/System/Library/Frameworks/OpenDirectory.framework/Versions/A/OpenDirectory
0x00000001906cc000 	/System/Library/Frameworks/OpenDirectory.framework/Versions/A/Frameworks/CFOpenDirectory.framework/Versions/A/CFOpenDirectory
0x000000022b8f9000 	/System/Library/Frameworks/AVFAudio.framework/Versions/A/AVFAudio
0x000000022ba3d000 	/System/Library/Frameworks/AVRouting.framework/Versions/A/AVRouting
0x00000001ac050000 	/usr/lib/libAccessibility.dylib
0x00000002583d1000 	/System/Library/PrivateFrameworks/IsolatedCoreAudioClient.framework/Versions/A/IsolatedCoreAudioClient
0x0000000240b29000 	/System/Library/PrivateFrameworks/CoreAudioOrchestration.framework/Versions/A/CoreAudioOrchestration
0x0000000198a55000 	/System/Library/Frameworks/MediaToolbox.framework/Versions/A/MediaToolbox
0x000000019f760000 	/System/Library/PrivateFrameworks/CoreAVCHD.framework/Versions/A/CoreAVCHD
0x000000019e68f000 	/System/Library/Frameworks/MediaAccessibility.framework/Versions/A/MediaAccessibility
0x000000019f75c000 	/System/Library/PrivateFrameworks/Mangrove.framework/Versions/A/Mangrove
0x000000023c9cf000 	/System/Library/PrivateFrameworks/CMPhoto.framework/Versions/A/CMPhoto
0x000000019ff29000 	/System/Library/Frameworks/CoreTelephony.framework/Versions/A/CoreTelephony
0x000000019f74f000 	/System/Library/PrivateFrameworks/CoreAUC.framework/Versions/A/CoreAUC
0x0000000239b40000 	/System/Library/PrivateFrameworks/AppleJPEGXL.framework/Versions/A/AppleJPEGXL
0x000000027e871000 	/System/Library/PrivateFrameworks/VideoToolboxParavirtualizationSupport.framework/Versions/A/VideoToolboxParavirtualizationSupport
0x000000019761a000 	/System/Library/PrivateFrameworks/AppleVA.framework/Versions/A/AppleVA
0x000000019a480000 	/usr/lib/libTelephonyUtilDynamic.dylib
0x0000000198500000 	/System/Library/PrivateFrameworks/GPUWrangler.framework/Versions/A/GPUWrangler
0x00000001984e0000 	/System/Library/PrivateFrameworks/IOPresentment.framework/Versions/A/IOPresentment
0x0000000198508000 	/System/Library/PrivateFrameworks/DSExternalDisplay.framework/Versions/A/DSExternalDisplay
0x00000001dc11a000 	/System/Library/Frameworks/CryptoKit.framework/Versions/A/CryptoKit
0x00000001a305e000 	/System/Library/PrivateFrameworks/CryptoKitCBridging.framework/Versions/A/CryptoKitCBridging
0x00000001a056d000 	/System/Library/Frameworks/CryptoTokenKit.framework/Versions/A/CryptoTokenKit
0x0000000245849000 	/System/Library/PrivateFrameworks/Dendrite.framework/Versions/A/Dendrite
0x00000001b2d36000 	/System/Library/Frameworks/NaturalLanguage.framework/Versions/A/NaturalLanguage
0x0000000250f62000 	/System/Library/PrivateFrameworks/GenerativeModels.framework/Versions/A/GenerativeModels
0x00000001e1510000 	/usr/lib/swift/libswiftNaturalLanguage.dylib
0x000000023a6b6000 	/System/Library/PrivateFrameworks/AppleMobileFileIntegrity.framework/Versions/A/AppleMobileFileIntegrity
0x0000000288f9a000 	/usr/lib/libTLE.dylib
0x00000001eac17000 	/System/Library/PrivateFrameworks/ConfigProfileHelper.framework/Versions/A/ConfigProfileHelper
0x00000001a31ed000 	/System/Library/PrivateFrameworks/Espresso.framework/Versions/A/Espresso
0x0000000190e4d000 	/System/Library/Frameworks/CoreML.framework/Versions/A/CoreML
0x00000001df3cd000 	/usr/lib/libedit.3.dylib
0x0000000228708000 	/System/Library/PrivateFrameworks/ANECompiler.framework/Versions/A/ANECompiler
0x00000001a52c2000 	/System/Library/PrivateFrameworks/AppleNeuralEngine.framework/Versions/A/AppleNeuralEngine
0x000000022f68b000 	/System/Library/Frameworks/MetalPerformanceShadersGraph.framework/Versions/A/MetalPerformanceShadersGraph
0x000000025a274000 	/System/Library/PrivateFrameworks/MLCompilerServices.framework/Versions/A/MLCompilerServices
0x00000001a403f000 	/System/Library/PrivateFrameworks/ANEServices.framework/Versions/A/ANEServices
0x00000001b83ec000 	/usr/lib/libncurses.5.4.dylib
0x000000018a2fa000 	/usr/lib/libsandbox.1.dylib
0x00000001975a4000 	/usr/lib/libMatch.1.dylib
0x0000000263af4000 	/System/Library/PrivateFrameworks/ODIE.framework/Versions/A/ODIE
0x000000025cf01000 	/System/Library/PrivateFrameworks/MLModelAsset.framework/Versions/A/MLModelAsset
0x000000025a21a000 	/System/Library/PrivateFrameworks/MLCompilerRuntime.framework/Versions/A/MLCompilerRuntime
0x000000019527f000 	/System/Library/Frameworks/MLCompute.framework/Versions/A/MLCompute
0x000000025a19c000 	/System/Library/PrivateFrameworks/MLAssetIO.framework/Versions/A/MLAssetIO
0x000000028a695000 	/usr/lib/swift/libswiftMLCompute.dylib
0x00000001a0144000 	/System/Library/PrivateFrameworks/AVFCore.framework/Versions/A/AVFCore
0x00000001a9952000 	/System/Library/PrivateFrameworks/AVFCapture.framework/Versions/A/AVFCapture
0x000000023c7c6000 	/System/Library/PrivateFrameworks/CMImaging.framework/Versions/A/CMImaging
0x00000001a9b94000 	/System/Library/PrivateFrameworks/Quagga.framework/Versions/A/Quagga
0x00000001a9cc5000 	/System/Library/PrivateFrameworks/CMCapture.framework/Versions/A/CMCapture
0x000000019a00a000 	/System/Library/Frameworks/CoreMediaIO.framework/Versions/A/CoreMediaIO
0x000000023c701000 	/System/Library/PrivateFrameworks/CMCaptureDevice.framework/Versions/A/CMCaptureDevice
0x00000001979df000 	/System/Library/PrivateFrameworks/CoreBrightness.framework/Versions/A/CoreBrightness
0x000000023d88a000 	/System/Library/PrivateFrameworks/CinematicFraming.framework/Versions/A/CinematicFraming
0x000000025ffdc000 	/System/Library/PrivateFrameworks/ModelManagerServices.framework/Versions/A/ModelManagerServices
0x00000001cdc1b000 	/System/Library/PrivateFrameworks/CPMS.framework/Versions/A/CPMS
0x0000000277829000 	/System/Library/PrivateFrameworks/SystemStatus.framework/Versions/A/SystemStatus
0x00000001b1b74000 	/System/Library/Frameworks/CoreMotion.framework/Versions/A/CoreMotion
0x00000001c213d000 	/System/Library/PrivateFrameworks/TimeSync.framework/Versions/A/TimeSync
0x000000024620f000 	/System/Library/PrivateFrameworks/DistributedSensing.framework/Versions/A/DistributedSensing
0x00000001bd534000 	/System/Library/PrivateFrameworks/MobileBluetooth.framework/Versions/A/MobileBluetooth
0x00000001c3dfa000 	/System/Library/PrivateFrameworks/IOKitten.framework/Versions/A/IOKitten
0x00000002599e7000 	/System/Library/PrivateFrameworks/LocationLogEncryption.framework/Versions/A/LocationLogEncryption
0x00000002399ba000 	/System/Library/PrivateFrameworks/AppleIntelligenceReporting.framework/Versions/A/AppleIntelligenceReporting
0x000000023d2df000 	/System/Library/PrivateFrameworks/CascadeSets.framework/Versions/A/CascadeSets
0x0000000194bc6000 	/System/Library/PrivateFrameworks/CoreEmoji.framework/Versions/A/CoreEmoji
0x0000000187455000 	/usr/lib/libCRFSuite.dylib
0x0000000188735000 	/System/Library/PrivateFrameworks/LanguageModeling.framework/Versions/A/LanguageModeling
0x00000001938d9000 	/System/Library/PrivateFrameworks/CoreNLP.framework/Versions/A/CoreNLP
0x000000018d6ab000 	/System/Library/PrivateFrameworks/Montreal.framework/Versions/A/Montreal
0x0000000195d36000 	/usr/lib/libcmph.dylib
0x0000000194f5d000 	/usr/lib/libmecab.dylib
0x0000000195ea7000 	/usr/lib/libThaiTokenizer.dylib
0x0000000251044000 	/System/Library/PrivateFrameworks/GenerativeModelsFoundation.framework/Versions/A/GenerativeModelsFoundation
0x000000027a606000 	/System/Library/PrivateFrameworks/TokenGeneration.framework/Versions/A/TokenGeneration
0x0000000250e18000 	/System/Library/PrivateFrameworks/GenerativeFunctions.framework/Versions/A/GenerativeFunctions
0x0000000250e66000 	/System/Library/PrivateFrameworks/GenerativeFunctionsFoundation.framework/Versions/A/GenerativeFunctionsFoundation
0x000000025fca2000 	/System/Library/PrivateFrameworks/ModelCatalog.framework/Versions/A/ModelCatalog
0x000000026ce48000 	/System/Library/PrivateFrameworks/SensitiveContentAnalysisML.framework/Versions/A/SensitiveContentAnalysisML
0x0000000250efc000 	/System/Library/PrivateFrameworks/GenerativeFunctionsInstrumentation.framework/Versions/A/GenerativeFunctionsInstrumentation
0x0000000269cc0000 	/System/Library/PrivateFrameworks/PromptKit.framework/Versions/A/PromptKit
0x00000002696d7000 	/System/Library/PrivateFrameworks/ProactiveDaemonSupport.framework/Versions/A/ProactiveDaemonSupport
0x000000027a83e000 	/System/Library/PrivateFrameworks/TokenGenerationCore.framework/Versions/A/TokenGenerationCore
0x00000001b3c01000 	/System/Library/PrivateFrameworks/Trial.framework/Versions/A/Trial
0x00000001b3b82000 	/System/Library/PrivateFrameworks/TrialProto.framework/Versions/A/TrialProto
0x00000002395e6000 	/System/Library/PrivateFrameworks/AppleFlatBuffers.framework/Versions/A/AppleFlatBuffers
0x000000026d118000 	/System/Library/PrivateFrameworks/SentencePieceInternal.framework/Versions/A/SentencePieceInternal
0x000000019e6e9000 	/System/Library/Frameworks/Vision.framework/Versions/A/Vision
0x00000002449d3000 	/System/Library/PrivateFrameworks/CoreSceneUnderstanding.framework/Versions/A/CoreSceneUnderstanding
0x000000027f47e000 	/System/Library/PrivateFrameworks/VisionCore.framework/Versions/A/VisionCore
0x0000000198992000 	/System/Library/PrivateFrameworks/DataDetectorsCore.framework/Versions/A/DataDetectorsCore
0x00000001bc4c2000 	/System/Library/Frameworks/Vision.framework/libfaceCore.dylib
0x00000001bcfdc000 	/System/Library/PrivateFrameworks/Futhark.framework/Versions/A/Futhark
0x00000001c0f1a000 	/System/Library/PrivateFrameworks/InertiaCam.framework/Versions/A/InertiaCam
0x00000001bcd69000 	/System/Library/PrivateFrameworks/TextRecognition.framework/Versions/A/TextRecognition
0x000000022d2a7000 	/System/Library/Frameworks/DataDetection.framework/Versions/A/DataDetection
0x00000001b6f92000 	/System/Library/PrivateFrameworks/TextInput.framework/Versions/A/TextInput
0x0000000197441000 	/System/Library/PrivateFrameworks/CVNLP.framework/Versions/A/CVNLP
0x000000022cd8c000 	/System/Library/Frameworks/CoreTransferable.framework/Versions/A/CoreTransferable
0x000000019a24d000 	/System/Library/PrivateFrameworks/NetAuth.framework/Versions/A/NetAuth
0x00000001908e2000 	/System/Library/PrivateFrameworks/login.framework/Versions/A/Frameworks/loginsupport.framework/Versions/A/loginsupport
0x000000018ba7a000 	/System/Library/PrivateFrameworks/UIFoundation.framework/Versions/A/UIFoundation
0x00000001978fa000 	/System/Library/PrivateFrameworks/Heimdal.framework/Versions/A/Heimdal
0x0000000199ef5000 	/usr/lib/libresolv.9.dylib
0x000000019a2e8000 	/System/Library/PrivateFrameworks/CommonAuth.framework/Versions/A/CommonAuth
0x0000000194f27000 	/usr/lib/libCheckFix.dylib
0x000000018fa68000 	/System/Library/PrivateFrameworks/MetadataUtilities.framework/Versions/A/MetadataUtilities
0x000000025502a000 	/System/Library/PrivateFrameworks/InstalledContentLibrary.framework/Versions/A/InstalledContentLibrary
0x000000018a1be000 	/System/Library/PrivateFrameworks/CoreServicesStore.framework/Versions/A/CoreServicesStore
0x000000019072d000 	/usr/lib/libapp_launch_measurement.dylib
0x00000001c6a51000 	/System/Library/PrivateFrameworks/MobileSystemServices.framework/Versions/A/MobileSystemServices
0x00000001972c6000 	/usr/lib/libxslt.1.dylib
0x0000000194ee6000 	/System/Library/PrivateFrameworks/BackgroundTaskManagement.framework/Versions/A/BackgroundTaskManagement
0x00000001a26f4000 	/usr/lib/libcurl.4.dylib
0x000000028979f000 	/usr/lib/libcrypto.46.dylib
0x000000028a33e000 	/usr/lib/libssl.48.dylib
0x00000001a23ce000 	/System/Library/Frameworks/LDAP.framework/Versions/A/LDAP
0x000000019a284000 	/System/Library/Frameworks/Kerberos.framework/Versions/A/Kerberos
0x00000001a240a000 	/System/Library/PrivateFrameworks/TrustEvaluationAgent.framework/Versions/A/TrustEvaluationAgent
0x0000000199f12000 	/usr/lib/libsasl2.2.dylib
0x00000001a3062000 	/System/Library/Frameworks/Kerberos.framework/Versions/A/Libraries/libHeimdalProxy.dylib
0x00000002682bf000 	/System/Library/PrivateFrameworks/PoirotSQLite.framework/Versions/A/PoirotSQLite
0x00000001d9512000 	/System/Library/PrivateFrameworks/HIDDisplay.framework/Versions/A/HIDDisplay
0x000000019a1ee000 	/usr/lib/libcups.2.dylib
0x00000001abf44000 	/System/Library/PrivateFrameworks/AXCoreUtilities.framework/Versions/A/AXCoreUtilities
0x00000001bc30d000 	/System/Library/PrivateFrameworks/AttributeGraph.framework/Versions/A/AttributeGraph
0x0000000288a9b000 	/usr/lib/libAXSafeCategoryBundle.dylib
0x0000000233a16000 	/System/Library/Frameworks/TabularData.framework/Versions/A/TabularData
0x000000023a866000 	/System/Library/PrivateFrameworks/ArgumentParserInternal.framework/Versions/A/ArgumentParserInternal
0x00000001a5671000 	/System/Library/Frameworks/Cocoa.framework/Versions/A/Cocoa
0x000000018a357000 	/System/Library/Frameworks/AppKit.framework/Versions/C/AppKit
0x000000023e70a000 	/System/Library/PrivateFrameworks/CollectionViewCore.framework/Versions/A/CollectionViewCore
0x0000000192f9b000 	/System/Library/PrivateFrameworks/XCTTargetBootstrap.framework/Versions/A/XCTTargetBootstrap
0x00000001989e4000 	/System/Library/PrivateFrameworks/UserActivity.framework/Versions/A/UserActivity
0x0000000248178000 	/System/Library/PrivateFrameworks/FrontBoard.framework/Versions/A/FrontBoard
0x000000027c24e000 	/System/Library/PrivateFrameworks/UIIntelligenceSupport.framework/Versions/A/UIIntelligenceSupport
0x0000000232a9f000 	/System/Library/Frameworks/SwiftUICore.framework/Versions/A/SwiftUICore
0x0000000282de3000 	/System/Library/PrivateFrameworks/WritingTools.framework/Versions/A/WritingTools
0x0000000281bde000 	/System/Library/PrivateFrameworks/WindowManagement.framework/Versions/A/WindowManagement
0x0000000247ead000 	/System/Library/PrivateFrameworks/FocusEngine.framework/Versions/A/FocusEngine
0x00000002458b9000 	/System/Library/PrivateFrameworks/DesignLibrary.framework/Versions/A/DesignLibrary
0x0000000192f86000 	/System/Library/PrivateFrameworks/DFRFoundation.framework/Versions/A/DFRFoundation
0x000000027d197000 	/System/Library/PrivateFrameworks/UpdateCycle.framework/Versions/A/UpdateCycle
0x0000000192c8a000 	/System/Library/Frameworks/Carbon.framework/Versions/A/Frameworks/HIToolbox.framework/Versions/A/HIToolbox
0x000000019dfaf000 	/System/Library/Frameworks/Carbon.framework/Versions/A/Frameworks/SpeechRecognition.framework/Versions/A/SpeechRecognition
0x00000001906b4000 	/System/Library/PrivateFrameworks/PerformanceAnalysis.framework/Versions/A/PerformanceAnalysis
0x000000019e33f000 	/System/Library/Frameworks/Accessibility.framework/Versions/A/Accessibility
0x00000002339fc000 	/System/Library/Frameworks/Symbols.framework/Versions/A/Symbols
0x000000025140d000 	/System/Library/PrivateFrameworks/Gestures.framework/Versions/A/Gestures
0x000000028a766000 	/usr/lib/swift/libswiftSpatial.dylib
0x00000001b0049000 	/usr/lib/swift/libswiftCoreGraphics.dylib
0x000000019ed83000 	/usr/lib/swift/libswiftFoundation.dylib
0x00000001ea5bb000 	/usr/lib/swift/libswiftSwiftOnoneSupport.dylib
0x000000028a9ec000 	/usr/lib/swift/libswiftsys_time.dylib
0x00000001d51fc000 	/System/Library/PrivateFrameworks/CoreMaterial.framework/Versions/A/CoreMaterial
0x0000000288f97000 	/usr/lib/libSpatial.dylib
0x00000002889b8000 	/System/Library/SubFrameworks/UIUtilities.framework/Versions/A/UIUtilities
0x000000010ad78000 	/Users/moritzlindner/Library/Java/JavaVirtualMachines/openjdk-25.0.2/Contents/Home/lib/server/libjvm.dylib
0x0000000104fe8000 	/Users/moritzlindner/Library/Java/JavaVirtualMachines/openjdk-25.0.2/Contents/Home/lib/libjimage.dylib
0x000000010506c000 	/Users/moritzlindner/Library/Java/JavaVirtualMachines/openjdk-25.0.2/Contents/Home/lib/libjava.dylib
0x00000001052f4000 	/Users/moritzlindner/Library/Java/JavaVirtualMachines/openjdk-25.0.2/Contents/Home/lib/libnio.dylib
0x0000000105314000 	/Users/moritzlindner/Library/Java/JavaVirtualMachines/openjdk-25.0.2/Contents/Home/lib/libnet.dylib
0x00000001056f4000 	/Users/moritzlindner/Library/Java/JavaVirtualMachines/openjdk-25.0.2/Contents/Home/lib/libzip.dylib
0x0000000105330000 	/Users/moritzlindner/Library/Java/JavaVirtualMachines/openjdk-25.0.2/Contents/Home/lib/libmanagement.dylib
0x0000000105344000 	/Users/moritzlindner/Library/Java/JavaVirtualMachines/openjdk-25.0.2/Contents/Home/lib/libmanagement_ext.dylib
0x000000010a798000 	/private/var/folders/0c/jv1ds4r17kd04lfwxh2r8vw80000gn/T/lwjgl_moritzlindner/3.3.6+1/arm64/liblwjgl.dylib
0x000000010a7e4000 	/private/var/folders/0c/jv1ds4r17kd04lfwxh2r8vw80000gn/T/lwjgl_moritzlindner/3.3.6+1/arm64/libglfw.dylib
0x000000010a880000 	/private/var/folders/0c/jv1ds4r17kd04lfwxh2r8vw80000gn/T/lwjgl_moritzlindner/3.3.6+1/arm64/libjemalloc.dylib
0x000000022bbad000 	/System/Library/Frameworks/AppIntents.framework/Versions/A/AppIntents
0x000000023216e000 	/System/Library/Frameworks/RelevanceKit.framework/Versions/A/RelevanceKit
0x0000000195ad3000 	/System/Library/Frameworks/CoreSpotlight.framework/Versions/A/CoreSpotlight
0x000000025955c000 	/System/Library/PrivateFrameworks/LinkServices.framework/Versions/A/LinkServices
0x000000019f048000 	/System/Library/Frameworks/Contacts.framework/Versions/A/Contacts
0x0000000238230000 	/System/Library/PrivateFrameworks/AppIntentsTypeSupport.framework/Versions/A/AppIntentsTypeSupport
0x000000024630b000 	/System/Library/PrivateFrameworks/DoNotDisturb.framework/Versions/A/DoNotDisturb
0x00000002593aa000 	/System/Library/PrivateFrameworks/LinkMetadata.framework/Versions/A/LinkMetadata
0x00000001b31b9000 	/usr/lib/swift/libswiftIntents.dylib
0x00000001b8546000 	/System/Library/PrivateFrameworks/IntentsCore.framework/Versions/A/IntentsCore
0x000000023b176000 	/System/Library/PrivateFrameworks/AvailabilityKit.framework/Versions/A/AvailabilityKit
0x0000000237e13000 	/System/Library/PrivateFrameworks/AppIntentSchemas.framework/Versions/A/AppIntentSchemas
0x000000022dcfa000 	/System/Library/Frameworks/GeoToolbox.framework/Versions/A/GeoToolbox
0x000000024dcaa000 	/System/Library/PrivateFrameworks/GRDBInternal.framework/Versions/A/GRDBInternal
0x0000000276395000 	/System/Library/PrivateFrameworks/StatusKit.framework/Versions/A/StatusKit
0x000000019ee5f000 	/System/Library/PrivateFrameworks/ContactsPersistence.framework/Versions/A/ContactsPersistence
0x000000019dfb3000 	/System/Library/PrivateFrameworks/AppleLDAP.framework/Versions/A/AppleLDAP
0x00000001a2a92000 	/System/Library/Frameworks/ClassKit.framework/Versions/A/ClassKit
0x00000001a4d41000 	/System/Library/PrivateFrameworks/CoreSuggestions.framework/Versions/A/CoreSuggestions
0x000000019ed84000 	/System/Library/PrivateFrameworks/ContactsFoundation.framework/Versions/A/ContactsFoundation
0x00000001a051b000 	/System/Library/PrivateFrameworks/vCard.framework/Versions/A/vCard
0x000000023ecdb000 	/System/Library/PrivateFrameworks/ContactsMetrics.framework/Versions/A/ContactsMetrics
0x00000001979bb000 	/System/Library/PrivateFrameworks/login.framework/Versions/A/login
0x000000025d990000 	/System/Library/PrivateFrameworks/ManagedOrganizationContacts.framework/Versions/A/ManagedOrganizationContacts
0x0000000190d78000 	/System/Library/PrivateFrameworks/CloudDocs.framework/Versions/A/CloudDocs
0x00000001ab8f8000 	/System/Library/PrivateFrameworks/ProactiveEventTracker.framework/Versions/A/ProactiveEventTracker
0x000000019f965000 	/System/Library/PrivateFrameworks/GenerationalStorage.framework/Versions/A/GenerationalStorage
0x000000019a3de000 	/System/Library/PrivateFrameworks/CacheDelete.framework/Versions/A/CacheDelete
0x00000001a319f000 	/System/Library/Frameworks/QuickLookThumbnailing.framework/Versions/A/QuickLookThumbnailing
0x000000019f78e000 	/System/Library/Frameworks/FileProvider.framework/Versions/A/FileProvider
0x000000018bc4a000 	/System/Library/PrivateFrameworks/DesktopServicesPriv.framework/Versions/A/DesktopServicesPriv
0x00000001b2c14000 	/System/Library/PrivateFrameworks/FTServices.framework/Versions/A/FTServices
0x00000001aafe9000 	/System/Library/PrivateFrameworks/CloudServices.framework/Versions/A/CloudServices
0x0000000192232000 	/System/Library/Frameworks/CoreLocation.framework/Versions/A/CoreLocation
0x00000001a181f000 	/System/Library/Frameworks/Intents.framework/Versions/A/Intents
0x00000001956fb000 	/System/Library/PrivateFrameworks/AuthKit.framework/Versions/A/AuthKit
0x00000001b9aca000 	/usr/lib/swift/libswiftCoreLocation.dylib
0x000000019b99e000 	/System/Library/PrivateFrameworks/Sharing.framework/Versions/A/Sharing
0x000000019b323000 	/System/Library/PrivateFrameworks/IDSFoundation.framework/Versions/A/IDSFoundation
0x00000001a1e98000 	/System/Library/PrivateFrameworks/Apple80211.framework/Versions/A/Apple80211
0x0000000194c34000 	/System/Library/Frameworks/CoreWLAN.framework/Versions/A/CoreWLAN
0x0000000199b06000 	/System/Library/PrivateFrameworks/IMFoundation.framework/Versions/A/IMFoundation
0x00000001ab354000 	/System/Library/PrivateFrameworks/Marco.framework/Versions/A/Marco
0x000000018e014000 	/System/Library/PrivateFrameworks/CommonUtilities.framework/Versions/A/CommonUtilities
0x00000001a7d39000 	/System/Library/PrivateFrameworks/Engram.framework/Versions/A/Engram
0x00000002832ea000 	/System/Library/PrivateFrameworks/XPCDistributed.framework/Versions/A/XPCDistributed
0x00000001a7cd7000 	/usr/lib/libtidy.A.dylib
0x0000000197c0e000 	/System/Library/PrivateFrameworks/Bom.framework/Versions/A/Bom
0x0000000199f32000 	/usr/lib/libParallelCompression.dylib
0x0000000199f25000 	/System/Library/PrivateFrameworks/MultiverseSupport.framework/Versions/A/MultiverseSupport
0x000000019f66c000 	/System/Library/PrivateFrameworks/DiskManagement.framework/Versions/A/DiskManagement
0x000000019f57b000 	/System/Library/PrivateFrameworks/AppleIDAuthSupport.framework/Versions/A/AppleIDAuthSupport
0x00000002352ad000 	/System/Library/PrivateFrameworks/AAAFoundation.framework/Versions/A/AAAFoundation
0x000000019a42d000 	/System/Library/PrivateFrameworks/KeychainCircle.framework/Versions/A/KeychainCircle
0x00000001abf3a000 	/System/Library/PrivateFrameworks/URLFormatting.framework/Versions/A/URLFormatting
0x00000001a26e8000 	/usr/lib/libcsfde.dylib
0x00000001975ac000 	/usr/lib/libCoreStorage.dylib
0x000000019be7d000 	/System/Library/PrivateFrameworks/ProtectedCloudStorage.framework/Versions/A/ProtectedCloudStorage
0x00000001a26e3000 	/System/Library/PrivateFrameworks/EFILogin.framework/Versions/A/EFILogin
0x000000019f98c000 	/System/Library/PrivateFrameworks/OctagonTrust.framework/Versions/A/OctagonTrust
0x000000019b0fd000 	/System/Library/PrivateFrameworks/IDS.framework/Versions/A/IDS
0x00000001a05ef000 	/System/Library/Frameworks/LocalAuthentication.framework/Versions/A/LocalAuthentication
0x000000025979a000 	/System/Library/PrivateFrameworks/LocalAuthenticationCore.framework/Versions/A/LocalAuthenticationCore
0x0000000259962000 	/System/Library/PrivateFrameworks/LocalAuthenticationCredentialServices.framework/Versions/A/LocalAuthenticationCredentialServices
0x00000001a065c000 	/System/Library/Frameworks/LocalAuthentication.framework/Support/SharedUtils.framework/Versions/A/SharedUtils
0x000000023ab21000 	/System/Library/PrivateFrameworks/AsyncAlgorithmsInternal.framework/Versions/A/AsyncAlgorithmsInternal
0x00000001c1ba8000 	/System/Library/PrivateFrameworks/FTAWD.framework/Versions/A/FTAWD
0x00000001a3127000 	/System/Library/PrivateFrameworks/IntentsFoundation.framework/Versions/A/IntentsFoundation
0x00000001908e5000 	/System/Library/PrivateFrameworks/ApplePushService.framework/Versions/A/ApplePushService
0x0000000190950000 	/System/Library/Frameworks/CloudKit.framework/Versions/A/CloudKit
0x00000001c9bda000 	/System/Library/PrivateFrameworks/DeviceIdentity.framework/Versions/A/DeviceIdentity
0x00000002325f8000 	/System/Library/Frameworks/SharedWithYouCore.framework/Versions/A/SharedWithYouCore
0x000000023e169000 	/System/Library/PrivateFrameworks/CloudTelemetry.framework/Versions/A/CloudTelemetry
0x00000001a2b5a000 	/System/Library/PrivateFrameworks/AppleAccount.framework/Versions/A/AppleAccount
0x00000001a3142000 	/System/Library/PrivateFrameworks/C2.framework/Versions/A/C2
0x000000023ddbd000 	/System/Library/PrivateFrameworks/CloudCoreInternal.framework/Versions/A/CloudCoreInternal
0x000000023db25000 	/System/Library/PrivateFrameworks/CloudAsset.framework/Versions/A/CloudAsset
0x00000001a3138000 	/System/Library/Frameworks/PushKit.framework/Versions/A/PushKit
0x000000023e18e000 	/System/Library/PrivateFrameworks/CloudTelemetryTools.framework/Versions/A/CloudTelemetryTools
0x000000023e17f000 	/System/Library/PrivateFrameworks/CloudTelemetryShared.dylib
0x00000001a5018000 	/System/Library/PrivateFrameworks/RTCReporting.framework/Versions/A/RTCReporting
0x00000002352d0000 	/System/Library/PrivateFrameworks/AAAFoundationSwift.framework/Versions/A/AAAFoundationSwift
0x00000001a2de0000 	/System/Library/PrivateFrameworks/AppleIDSSOAuthentication.framework/Versions/A/AppleIDSSOAuthentication
0x000000019057f000 	/System/Library/PrivateFrameworks/ViewBridge.framework/Versions/A/ViewBridge
0x0000000234883000 	/System/Library/Frameworks/_AppIntents_AppKit.framework/Versions/A/_AppIntents_AppKit
0x0000000288a9f000 	/usr/lib/libAccessibilityBaseImplementations.dylib
0x000000010ad50000 	/usr/lib/libobjc-trampolines.dylib
0x0000000282de8000 	/System/Library/PrivateFrameworks/WritingToolsUI.framework/Versions/A/WritingToolsUI
0x0000000250c33000 	/System/Library/PrivateFrameworks/GenerativeAssistantSettings.framework/Versions/A/GenerativeAssistantSettings
0x0000000278102000 	/System/Library/PrivateFrameworks/TextComposer.framework/Versions/A/TextComposer
0x0000000250c06000 	/System/Library/PrivateFrameworks/GenerativeAssistantCommon.framework/Versions/A/GenerativeAssistantCommon
0x00000001babc3000 	/System/Library/Frameworks/SwiftUI.framework/Versions/A/SwiftUI
0x0000000237b30000 	/System/Library/PrivateFrameworks/Anvil.framework/Versions/A/Anvil
0x00000002510ba000 	/System/Library/PrivateFrameworks/GenerativePartnerService.framework/Versions/A/GenerativePartnerService
0x00000002510e5000 	/System/Library/PrivateFrameworks/GenerativePartnerServiceUI.framework/Versions/A/GenerativePartnerServiceUI
0x00000001b2db0000 	/System/Library/Frameworks/SafariServices.framework/Versions/A/SafariServices
0x00000001b0142000 	/System/Library/Frameworks/WebKit.framework/Versions/A/WebKit
0x00000002348c2000 	/System/Library/Frameworks/_AuthenticationServices_SwiftUI.framework/Versions/A/_AuthenticationServices_SwiftUI
0x00000001ba142000 	/System/Library/PrivateFrameworks/AppStoreDaemon.framework/Versions/A/AppStoreDaemon
0x00000001a56c7000 	/System/Library/PrivateFrameworks/AppleMediaServices.framework/Versions/A/AppleMediaServices
0x00000001b6355000 	/System/Library/PrivateFrameworks/AppleMediaServicesUI.framework/Versions/A/AppleMediaServicesUI
0x00000001e9b15000 	/System/Library/PrivateFrameworks/JetEngine.framework/Versions/A/JetEngine
0x00000001b3a92000 	/System/Library/PrivateFrameworks/OnBoardingKit.framework/Versions/A/OnBoardingKit
0x000000026d459000 	/System/Library/PrivateFrameworks/Settings.framework/Versions/A/Settings
0x000000022d57c000 	/System/Library/Frameworks/ExtensionKit.framework/Versions/A/ExtensionKit
0x000000022d5bf000 	/System/Library/Frameworks/FSKit.framework/Versions/A/FSKit
0x0000000277fde000 	/System/Library/PrivateFrameworks/TextAnimationSupport.framework/Versions/A/TextAnimationSupport
0x000000026a586000 	/System/Library/PrivateFrameworks/RecapPerformanceTesting.framework/Versions/A/RecapPerformanceTesting
0x00000001b3a82000 	/System/Library/PrivateFrameworks/SignpostCollection.framework/Versions/A/SignpostCollection
0x00000001a5049000 	/System/Library/Frameworks/WebKit.framework/Versions/A/Frameworks/WebKitLegacy.framework/Versions/A/WebKitLegacy
0x00000001b1b73000 	/System/Library/Frameworks/Carbon.framework/Versions/A/Carbon
0x00000001a2e31000 	/System/Library/PrivateFrameworks/CorePrediction.framework/Versions/A/CorePrediction
0x0000000191687000 	/System/Library/Frameworks/WebKit.framework/Versions/A/Frameworks/WebCore.framework/Versions/A/Frameworks/libwebrtc.dylib
0x0000000199f9a000 	/System/Library/Frameworks/SecurityInterface.framework/Versions/A/SecurityInterface
0x00000001b3a91000 	/System/Library/PrivateFrameworks/WebInspectorUI.framework/Versions/A/WebInspectorUI
0x00000001a7d79000 	/System/Library/Frameworks/JavaScriptCore.framework/Versions/A/JavaScriptCore
0x00000001ac087000 	/System/Library/Frameworks/WebKit.framework/Versions/A/Frameworks/WebCore.framework/Versions/A/WebCore
0x00000001a7d72000 	/System/Library/Frameworks/Carbon.framework/Versions/A/Frameworks/CommonPanels.framework/Versions/A/CommonPanels
0x00000001a26df000 	/System/Library/Frameworks/Carbon.framework/Versions/A/Frameworks/Help.framework/Versions/A/Help
0x00000001a7d76000 	/System/Library/Frameworks/Carbon.framework/Versions/A/Frameworks/ImageCapture.framework/Versions/A/ImageCapture
0x00000001a7d51000 	/System/Library/Frameworks/Carbon.framework/Versions/A/Frameworks/OpenScripting.framework/Versions/A/OpenScripting
0x00000001a7d71000 	/System/Library/Frameworks/Carbon.framework/Versions/A/Frameworks/Ink.framework/Versions/A/Ink
0x00000001a7d6e000 	/System/Library/Frameworks/Carbon.framework/Versions/A/Frameworks/SecurityHI.framework/Versions/A/SecurityHI
0x0000000288e0b000 	/usr/lib/libInterpreterSecurity.dylib
0x00000001c87cd000 	/System/Library/PrivateFrameworks/XprotectFramework.framework/Versions/A/XprotectFramework
0x00000001ab355000 	/System/Library/PrivateFrameworks/yara.framework/Versions/A/yara
0x0000000288d88000 	/usr/lib/libEndpointSecuritySystem.dylib
0x000000022c67e000 	/System/Library/Frameworks/BrowserEngineCore.framework/Versions/A/BrowserEngineCore
0x0000000234439000 	/System/Library/Frameworks/WebKit.framework/Versions/A/Frameworks/WebCore.framework/Versions/A/Frameworks/libANGLE-shared.dylib
0x0000000281633000 	/System/Library/PrivateFrameworks/WebGPU.framework/Versions/A/WebGPU
0x00000001b59d0000 	/System/Library/Frameworks/SceneKit.framework/Versions/A/SceneKit
0x00000001c730e000 	/System/Library/Frameworks/ModelIO.framework/Versions/A/ModelIO
0x000000019bf7d000 	/System/Library/Frameworks/MetalKit.framework/Versions/A/MetalKit
0x000000019e2c1000 	/System/Library/Frameworks/GLKit.framework/Versions/A/GLKit
0x000000028ad3f000 	/usr/lib/usd/libusd_ms.dylib
0x000000027c7ef000 	/System/Library/PrivateFrameworks/USDLib_FormatLoaderProxy.framework/Versions/A/USDLib_FormatLoaderProxy
0x000000028a9e7000 	/usr/lib/swift/libswift_errno.dylib
0x00000001b2bf5000 	/System/Library/PrivateFrameworks/CoreOptimization.framework/Versions/A/CoreOptimization
0x000000023b023000 	/System/Library/PrivateFrameworks/AuthenticationServicesCore.framework/Versions/A/AuthenticationServicesCore
0x00000001bd574000 	/System/Library/Frameworks/AuthenticationServices.framework/Versions/A/AuthenticationServices
0x000000019753f000 	/System/Library/PrivateFrameworks/SharedWebCredentials.framework/Versions/A/SharedWebCredentials
0x00000001b495c000 	/System/Library/PrivateFrameworks/SafariCore.framework/Versions/A/SafariCore
0x00000001bd085000 	/System/Library/PrivateFrameworks/SafariFoundation.framework/Versions/A/SafariFoundation
0x000000023c376000 	/System/Library/PrivateFrameworks/CBORLibrary.framework/Versions/A/CBORLibrary
0x000000023d3d8000 	/System/Library/PrivateFrameworks/Chirp.framework/Versions/A/Chirp
0x000000023e02c000 	/System/Library/PrivateFrameworks/CloudSubscriptionFeatures.framework/Versions/A/CloudSubscriptionFeatures
0x00000001eaf56000 	/System/Library/PrivateFrameworks/RemoteManagement.framework/Versions/A/RemoteManagement
0x000000026a975000 	/System/Library/PrivateFrameworks/RemoteManagementModel.framework/Versions/A/RemoteManagementModel
0x000000026aa06000 	/System/Library/PrivateFrameworks/RemoteManagementStore.framework/Versions/A/RemoteManagementStore
0x000000019bf9c000 	/usr/lib/libxcselect.dylib
0x00000001bcff4000 	/System/Library/PrivateFrameworks/DifferentialPrivacy.framework/Versions/A/DifferentialPrivacy
0x000000025d996000 	/System/Library/PrivateFrameworks/ManagedSettingsObjC.framework/Versions/A/ManagedSettingsObjC
0x00000001a4220000 	/System/Library/PrivateFrameworks/ConfigurationProfiles.framework/Versions/A/ConfigurationProfiles
0x00000002599ec000 	/System/Library/PrivateFrameworks/LockdownMode.framework/Versions/A/LockdownMode
0x000000027d4b1000 	/System/Library/PrivateFrameworks/VDAF.framework/Versions/A/VDAF
0x000000019e6a8000 	/System/Library/PrivateFrameworks/SystemAdministration.framework/Versions/A/SystemAdministration
0x00000001a9859000 	/System/Library/PrivateFrameworks/PowerlogControl.framework/Versions/A/PowerlogControl
0x00000001a985b000 	/usr/lib/libUniversalAccess.dylib
0x00000001a6197000 	/System/Library/PrivateFrameworks/FamilyControls.framework/Versions/A/FamilyControls
0x000000019df87000 	/System/Library/Frameworks/DirectoryService.framework/Versions/A/DirectoryService
0x00000001a2775000 	/System/Library/PrivateFrameworks/LoginUIKit.framework/Versions/A/Frameworks/LoginUICore.framework/Versions/A/LoginUICore
0x0000000197c0c000 	/usr/lib/libodfde.dylib
0x00000001a6191000 	/System/Library/PrivateFrameworks/UniversalAccess.framework/Versions/A/Libraries/libUAPreferences.dylib
0x00000001a61b9000 	/System/Library/PrivateFrameworks/CommerceKit.framework/Versions/A/Frameworks/CommerceCore.framework/Versions/A/CommerceCore
0x0000000199fd4000 	/System/Library/PrivateFrameworks/CoreFollowUp.framework/Versions/A/CoreFollowUp
0x00000002453a9000 	/System/Library/PrivateFrameworks/DMCUtilities.framework/Versions/A/DMCUtilities
0x0000000259a7b000 	/System/Library/PrivateFrameworks/MDMClientLibrary.framework/Versions/A/MDMClientLibrary
0x000000026a9fa000 	/System/Library/PrivateFrameworks/RemoteManagementProtocol.framework/Versions/A/RemoteManagementProtocol
0x000000024530b000 	/System/Library/PrivateFrameworks/DEPClientLibrary.framework/Versions/A/DEPClientLibrary
0x0000000245338000 	/System/Library/PrivateFrameworks/DMCEnrollmentLibrary.framework/Versions/A/DMCEnrollmentLibrary
0x00000001a9940000 	/System/Library/PrivateFrameworks/SetupAssistantFramework.framework/Versions/A/SetupAssistantFramework
0x00000001a2e87000 	/System/Library/PrivateFrameworks/AuthKitUI.framework/Versions/A/AuthKitUI
0x00000001a27bf000 	/System/Library/PrivateFrameworks/AppSSO.framework/Versions/A/AppSSO
0x00000001b9e95000 	/System/Library/PrivateFrameworks/LocalAuthenticationUI.framework/Versions/A/LocalAuthenticationUI
0x0000000267f0f000 	/System/Library/PrivateFrameworks/PlatformSSO.framework/Versions/A/PlatformSSO
0x0000000267ffd000 	/System/Library/PrivateFrameworks/PlatformSSOCore.framework/Versions/A/PlatformSSOCore
0x000000022e873000 	/System/Library/Frameworks/LocalAuthenticationEmbeddedUI.framework/Versions/A/LocalAuthenticationEmbeddedUI
0x00000001ba98d000 	/System/Library/PrivateFrameworks/AOSUI.framework/Versions/A/AOSUI
0x00000001ab6b9000 	/System/Library/Frameworks/ContactsUI.framework/Versions/A/ContactsUI
0x000000019f307000 	/System/Library/PrivateFrameworks/FamilyCircle.framework/Versions/A/FamilyCircle
0x00000001c8bdc000 	/System/Library/Frameworks/LinkPresentation.framework/Versions/A/LinkPresentation
0x00000001ab239000 	/System/Library/PrivateFrameworks/IASUtilities.framework/Versions/A/IASUtilities
0x000000025446d000 	/System/Library/PrivateFrameworks/IASUtilitiesCore.framework/Versions/A/IASUtilitiesCore
0x000000026aa6f000 	/System/Library/PrivateFrameworks/RemoteUI.framework/Versions/A/RemoteUI
0x0000000258cff000 	/System/Library/PrivateFrameworks/LiftUI.framework/Versions/A/LiftUI
0x000000028340f000 	/System/Library/PrivateFrameworks/_IconServices_SwiftUI.framework/Versions/A/_IconServices_SwiftUI
0x000000023df62000 	/System/Library/PrivateFrameworks/CloudSettings.framework/Versions/A/CloudSettings
0x00000001a4e14000 	/System/Library/Frameworks/EventKit.framework/Versions/A/EventKit
0x00000001b3cab000 	/System/Library/PrivateFrameworks/SearchFoundation.framework/Versions/A/SearchFoundation
0x00000001cad43000 	/System/Library/PrivateFrameworks/Email.framework/Versions/A/Email
0x00000001b2804000 	/System/Library/PrivateFrameworks/CoreRoutine.framework/Versions/A/CoreRoutine
0x00000001ea8af000 	/System/Library/PrivateFrameworks/VoiceShortcutClient.framework/Versions/A/VoiceShortcutClient
0x00000001c2789000 	/System/Library/PrivateFrameworks/Categories.framework/Versions/A/Categories
0x00000001ba831000 	/System/Library/PrivateFrameworks/ChronoServices.framework/Versions/A/ChronoServices
0x000000023ce0f000 	/System/Library/PrivateFrameworks/CalendarDatabase.framework/Versions/A/CalendarDatabase
0x000000023cd50000 	/System/Library/PrivateFrameworks/CalendarDaemon.framework/Versions/A/CalendarDaemon
0x00000001a415b000 	/System/Library/PrivateFrameworks/CalendarFoundation.framework/Versions/A/CalendarFoundation
0x00000001a4116000 	/System/Library/PrivateFrameworks/iCalendar.framework/Versions/A/iCalendar
0x00000002455ae000 	/System/Library/PrivateFrameworks/DataAccessExpress.framework/Versions/A/DataAccessExpress
0x00000001ab821000 	/System/Library/PrivateFrameworks/ContactsAutocomplete.framework/Versions/A/ContactsAutocomplete
0x00000001ba77d000 	/System/Library/PrivateFrameworks/FTClientServices.framework/Versions/A/FTClientServices
0x0000000276a1f000 	/System/Library/PrivateFrameworks/StorageContainersPrivate.framework/Versions/A/StorageContainersPrivate
0x000000028a676000 	/usr/lib/swift/libswiftCoreMediaIO.dylib
0x00000001ab0ba000 	/System/Library/PrivateFrameworks/CoreDAV.framework/Versions/A/CoreDAV
0x00000001a4cde000 	/System/Library/PrivateFrameworks/CalDAV.framework/Versions/A/CalDAV
0x00000001afd97000 	/System/Library/PrivateFrameworks/TelephonyUtilities.framework/Versions/A/TelephonyUtilities
0x000000022e82f000 	/System/Library/Frameworks/LiveCommunicationKit.framework/Versions/A/LiveCommunicationKit
0x000000023e887000 	/System/Library/PrivateFrameworks/CommunicationTrust.framework/Versions/A/CommunicationTrust
0x00000001b476b000 	/System/Library/Frameworks/CallKit.framework/Versions/A/CallKit
0x000000019f300000 	/System/Library/PrivateFrameworks/CommunicationsFilter.framework/Versions/A/CommunicationsFilter
0x00000001df50c000 	/System/Library/PrivateFrameworks/IMTransferServices.framework/Versions/A/IMTransferServices
0x00000001b2c0e000 	/System/Library/PrivateFrameworks/IncomingCallFilter.framework/Versions/A/IncomingCallFilter
0x0000000262cc7000 	/System/Library/PrivateFrameworks/NeighborhoodActivityConduit.framework/Versions/A/NeighborhoodActivityConduit
0x00000001b6d1c000 	/System/Library/PrivateFrameworks/CallHistory.framework/Versions/A/CallHistory
0x0000000288c18000 	/usr/lib/libBASupport.dylib
0x000000023d256000 	/System/Library/PrivateFrameworks/CallsUtilities.framework/Versions/A/CallsUtilities
0x000000023d262000 	/System/Library/PrivateFrameworks/CallsXPC.framework/Versions/A/CallsXPC
0x00000001eb0c1000 	/usr/lib/swift/libswiftCallKit.dylib
0x000000023d248000 	/System/Library/PrivateFrameworks/CallsPersistence.framework/Versions/A/CallsPersistence
0x0000000232446000 	/System/Library/Frameworks/SensitiveContentAnalysis.framework/Versions/A/SensitiveContentAnalysis
0x00000001b7d9a000 	/System/Library/PrivateFrameworks/PeopleSuggester.framework/Versions/A/PeopleSuggester
0x00000001c1503000 	/System/Library/PrivateFrameworks/SpotlightReceiver.framework/Versions/A/SpotlightReceiver
0x00000002833cf000 	/System/Library/PrivateFrameworks/_AppIntentsServices_AppIntents.framework/Versions/A/_AppIntentsServices_AppIntents
0x0000000237f95000 	/System/Library/PrivateFrameworks/AppIntentsServices.framework/Versions/A/AppIntentsServices
0x00000001a40ff000 	/System/Library/PrivateFrameworks/CoreRecents.framework/Versions/A/CoreRecents
0x0000000234945000 	/System/Library/Frameworks/_GeoToolbox_AppIntents.framework/Versions/A/_GeoToolbox_AppIntents
0x00000001d4ba2000 	/System/Library/PrivateFrameworks/DiagnosticRequest.framework/Versions/A/DiagnosticRequest
0x000000026a637000 	/System/Library/PrivateFrameworks/RegulatoryDomain.framework/Versions/A/RegulatoryDomain
0x000000019e39a000 	/usr/lib/libCTGreenTeaLogger.dylib
0x00000002599bf000 	/System/Library/PrivateFrameworks/LocalStatusKit.framework/Versions/A/LocalStatusKit
0x00000001afc7e000 	/System/Library/PrivateFrameworks/CoreParsec.framework/Versions/A/CoreParsec
0x00000001cad37000 	/System/Library/PrivateFrameworks/EmailAddressing.framework/Versions/A/EmailAddressing
0x00000001c6b17000 	/System/Library/PrivateFrameworks/EmailCore.framework/Versions/A/EmailCore
0x00000001c7c0b000 	/System/Library/PrivateFrameworks/EmailFoundation.framework/Versions/A/EmailFoundation
0x00000002657e5000 	/System/Library/PrivateFrameworks/PegasusAPI.framework/Versions/A/PegasusAPI
0x00000002665a1000 	/System/Library/PrivateFrameworks/PegasusConfiguration.framework/Versions/A/PegasusConfiguration
0x000000027ac1c000 	/System/Library/PrivateFrameworks/ToolKit.framework/Versions/A/ToolKit
0x000000026ae29000 	/System/Library/PrivateFrameworks/ReplicatorEngine.framework/Versions/A/ReplicatorEngine
0x000000026afe4000 	/System/Library/PrivateFrameworks/ReplicatorServices.framework/Versions/A/ReplicatorServices
0x00000002778a2000 	/System/Library/PrivateFrameworks/SystemWake.framework/Versions/A/SystemWake
0x00000001b4942000 	/System/Library/PrivateFrameworks/ContextKit.framework/Versions/A/ContextKit
0x000000023ee25000 	/System/Library/PrivateFrameworks/ContextKitCore.framework/Versions/A/ContextKitCore
0x00000001b2ea5000 	/System/Library/Frameworks/LocalAuthentication.framework/Support/DaemonUtils.framework/Versions/A/DaemonUtils
0x0000000259921000 	/System/Library/PrivateFrameworks/LocalAuthenticationCoreUI.framework/Versions/A/LocalAuthenticationCoreUI
0x00000001b631b000 	/System/Library/PrivateFrameworks/BridgeXPC.framework/Versions/A/BridgeXPC
0x00000001b3b72000 	/System/Library/PrivateFrameworks/CoreKDL.framework/Versions/A/CoreKDL
0x00000001b2198000 	/System/Library/PrivateFrameworks/EmbeddedOSSupportHost.framework/Versions/A/EmbeddedOSSupportHost
0x00000001a6cf3000 	/System/Library/PrivateFrameworks/LoginUIKit.framework/Versions/A/LoginUIKit
0x00000001c2c89000 	/System/Library/PrivateFrameworks/StorageKit.framework/Versions/A/StorageKit
0x0000000229d82000 	/System/Library/Frameworks/DeviceCheck.framework/Versions/A/DeviceCheck
0x0000000245fb6000 	/System/Library/PrivateFrameworks/DiskImages2.framework/Versions/A/DiskImages2
0x00000001c2d03000 	/System/Library/PrivateFrameworks/CoreWLANKit.framework/Versions/A/CoreWLANKit
0x0000000280989000 	/System/Library/PrivateFrameworks/Wallpaper.framework/Versions/A/Wallpaper
0x000000028a691000 	/usr/lib/swift/libswiftGLKit.dylib
0x000000028a69d000 	/usr/lib/swift/libswiftMetalKit.dylib
0x000000028a69f000 	/usr/lib/swift/libswiftModelIO.dylib
0x000000028a762000 	/usr/lib/swift/libswiftSceneKit.dylib
0x00000001cbcbf000 	/System/Library/PrivateFrameworks/DynamicDesktop.framework/Versions/A/DynamicDesktop
0x0000000280b1c000 	/System/Library/PrivateFrameworks/WallpaperFoundation.framework/Versions/A/WallpaperFoundation
0x0000000280b7b000 	/System/Library/PrivateFrameworks/WallpaperTypes.framework/Versions/A/WallpaperTypes
0x00000001e1302000 	/System/Library/PrivateFrameworks/SystemDesktopAppearance.framework/Versions/A/SystemDesktopAppearance
0x00000002864e0000 	/System/Library/PrivateFrameworks/icloudMCCKit.framework/Versions/A/icloudMCCKit
0x00000002392e1000 	/System/Library/PrivateFrameworks/AppleAccountUI.framework/Versions/A/AppleAccountUI
0x00000001d51c8000 	/System/Library/PrivateFrameworks/PreferencePanesSupport.framework/Versions/A/PreferencePanesSupport
0x00000001bab3b000 	/System/Library/PrivateFrameworks/FindMyDeviceUI.framework/Versions/A/FindMyDeviceUI
0x00000002840b7000 	/System/Library/PrivateFrameworks/iCloudQuotaUI.framework/Versions/A/iCloudQuotaUI
0x00000001d5379000 	/System/Library/PrivateFrameworks/CoreCDPUI.framework/Versions/A/CoreCDPUI
0x00000001b469b000 	/System/Library/PrivateFrameworks/CoreFollowUpUI.framework/Versions/A/CoreFollowUpUI
0x00000001c1787000 	/System/Library/PrivateFrameworks/IMCore.framework/Versions/A/IMCore
0x00000001a98c0000 	/System/Library/PrivateFrameworks/CoreCDP.framework/Versions/A/CoreCDP
0x00000001a56b2000 	/System/Library/PrivateFrameworks/AskPermission.framework/Versions/A/AskPermission
0x00000001b84ba000 	/System/Library/Frameworks/Quartz.framework/Versions/A/Quartz
0x00000001c51ed000 	/System/Library/PrivateFrameworks/CloudPhotoServicesConfiguration.framework/Versions/A/CloudPhotoServicesConfiguration
0x00000001b6b3c000 	/System/Library/PrivateFrameworks/CommerceKit.framework/Versions/A/CommerceKit
0x00000001c6be9000 	/System/Library/PrivateFrameworks/FindMyMac.framework/Versions/A/FindMyMac
0x00000001c6ab9000 	/System/Library/Frameworks/PreferencePanes.framework/Versions/A/PreferencePanes
0x00000001b9f83000 	/System/Library/Frameworks/AddressBook.framework/Versions/A/AddressBook
0x00000001a4545000 	/System/Library/PrivateFrameworks/AOSAccounts.framework/Versions/A/AOSAccounts
0x000000019e6a2000 	/System/Library/PrivateFrameworks/AppleSRP.framework/Versions/A/AppleSRP
0x00000001a3072000 	/System/Library/PrivateFrameworks/NetFSServer.framework/Versions/A/NetFSServer
0x00000001b58a7000 	/System/Library/Frameworks/PDFKit.framework/Versions/A/PDFKit
0x000000028a6b5000 	/usr/lib/swift/libswiftPassKit.dylib
0x00000001d944d000 	/System/Library/Frameworks/PassKit.framework/Versions/A/PassKit
0x00000001a6e02000 	/System/Library/PrivateFrameworks/PassKitCore.framework/Versions/A/PassKitCore
0x00000002650fe000 	/System/Library/PrivateFrameworks/PassKitMacHelperTemp.framework/Versions/A/PassKitMacHelperTemp
0x0000000288b73000 	/usr/lib/libAppleSSE.dylib
0x00000001b2eed000 	/System/Library/PrivateFrameworks/BiometricKit.framework/Versions/A/BiometricKit
0x000000026b642000 	/System/Library/PrivateFrameworks/SEService.framework/Versions/A/SEService
0x000000022d689000 	/System/Library/Frameworks/FinanceKit.framework/Versions/A/FinanceKit
0x00000001b8566000 	/System/Library/PrivateFrameworks/NearField.framework/Versions/A/NearField
0x000000026b5b9000 	/System/Library/PrivateFrameworks/SESShared.framework/Versions/A/SESShared
0x000000026b8ab000 	/System/Library/PrivateFrameworks/STSXPCHelperClient.framework/Versions/A/STSXPCHelperClient
0x00000001ba39d000 	/usr/lib/libnfshared.dylib
0x0000000277622000 	/System/Library/PrivateFrameworks/Symptoms.framework/Versions/A/Frameworks/SymptomPresentationFeed.framework/Versions/A/SymptomPresentationFeed
0x0000000239db9000 	/System/Library/PrivateFrameworks/AppleMediaServicesKitInternal.framework/Versions/A/AppleMediaServicesKitInternal
0x000000027735d000 	/System/Library/PrivateFrameworks/SymptomShared.framework/Versions/A/SymptomShared
0x00000001dc390000 	/System/Library/PrivateFrameworks/PassKitUIFoundation.framework/Versions/A/PassKitUIFoundation
0x000000019dfc5000 	/System/Library/Frameworks/MapKit.framework/Versions/A/MapKit
0x0000000251189000 	/System/Library/PrivateFrameworks/GeoAnalytics.framework/Versions/A/GeoAnalytics
0x00000001ba3cb000 	/System/Library/PrivateFrameworks/Navigation.framework/Versions/A/Navigation
0x00000001c426e000 	/System/Library/PrivateFrameworks/VectorKit.framework/Versions/A/VectorKit
0x00000001ab302000 	/System/Library/PrivateFrameworks/VirtualGarage.framework/Versions/A/VirtualGarage
0x00000001ba5c8000 	/System/Library/Frameworks/ExternalAccessory.framework/ExternalAccessory
0x00000001ba5e3000 	/System/Library/PrivateFrameworks/IAP.framework/Versions/A/IAP
0x000000019e287000 	/System/Library/PrivateFrameworks/IOPlatformPluginFamily.framework/Versions/A/IOPlatformPluginFamily
0x000000023b179000 	/System/Library/PrivateFrameworks/AvatarKit.framework/Versions/A/AvatarKit
0x000000023b238000 	/System/Library/PrivateFrameworks/AvatarPersistence.framework/Versions/A/AvatarPersistence
0x0000000233db3000 	/System/Library/Frameworks/TipKit.framework/Versions/A/TipKit
0x00000001a68b9000 	/System/Library/PrivateFrameworks/IMSharedUtilities.framework/Versions/A/IMSharedUtilities
0x000000028a656000 	/usr/lib/swift/libswiftAppleArchive.dylib
0x000000027d5ad000 	/System/Library/PrivateFrameworks/VFX.framework/Versions/A/VFX
0x00000001d6ff3000 	/System/Library/PrivateFrameworks/AppleCVA.framework/Versions/A/AppleCVA
0x000000023b237000 	/System/Library/PrivateFrameworks/AvatarKitContent.framework/Versions/A/AvatarKitContent
0x000000022f5dc000 	/System/Library/Frameworks/MetalFX.framework/Versions/A/MetalFX
0x000000023e99e000 	/System/Library/PrivateFrameworks/CompositorNonUI.framework/Versions/A/CompositorNonUI
0x000000022b8f8000 	/System/Library/Frameworks/ARKit.framework/Versions/A/ARKit
0x00000002365e0000 	/System/Library/PrivateFrameworks/ARKitCore.framework/Versions/A/ARKitCore
0x0000000288c64000 	/usr/lib/libDisplayWarpSupport.dylib
0x0000000240c70000 	/System/Library/PrivateFrameworks/CoreComposite.framework/Versions/A/CoreComposite
0x0000000289633000 	/usr/lib/libchannel.dylib
0x000000028a2af000 	/usr/lib/librealtime_safety.dylib
0x000000023666c000 	/System/Library/PrivateFrameworks/ARKitFoundation.framework/Versions/A/ARKitFoundation
0x000000023937d000 	/System/Library/PrivateFrameworks/AppleDepth.framework/Versions/A/AppleDepth
0x00000002394fa000 	/System/Library/PrivateFrameworks/AppleDepthCore.framework/Versions/A/AppleDepthCore
0x000000019e3c2000 	/System/Library/PrivateFrameworks/CoreAppleCVA.framework/Versions/A/CoreAppleCVA
0x00000001ab438000 	/System/Library/PrivateFrameworks/ContactsUICore.framework/Versions/A/ContactsUICore
0x00000001b2d19000 	/System/Library/PrivateFrameworks/ContactsDonation.framework/Versions/A/ContactsDonation
0x00000001b25d5000 	/System/Library/PrivateFrameworks/DataDetectors.framework/Versions/A/DataDetectors
0x00000001a4cca000 	/System/Library/Frameworks/MediaLibrary.framework/Versions/A/MediaLibrary
0x000000019f2ef000 	/System/Library/PrivateFrameworks/PersonaKit.framework/Versions/A/PersonaKit
0x00000001ab425000 	/System/Library/PrivateFrameworks/PersonaUI.framework/Versions/A/PersonaUI
0x00000001c64cf000 	/System/Library/PrivateFrameworks/Transparency.framework/Versions/A/Transparency
0x0000000247b15000 	/System/Library/PrivateFrameworks/FindMyLocate.framework/Versions/A/FindMyLocate
0x00000001b4618000 	/System/Library/PrivateFrameworks/IntlPreferences.framework/Versions/A/IntlPreferences
0x0000000244cce000 	/System/Library/PrivateFrameworks/CoreTransparency.framework/Versions/A/CoreTransparency
0x00000002479e9000 	/System/Library/PrivateFrameworks/FindMyCommon.framework/Versions/A/FindMyCommon
0x00000002477bc000 	/System/Library/PrivateFrameworks/FindMyBase.framework/Versions/A/FindMyBase
0x0000000231071000 	/System/Library/Frameworks/NearbyInteraction.framework/Versions/A/NearbyInteraction
0x000000019eede000 	/System/Library/PrivateFrameworks/AddressBookCore.framework/Versions/A/AddressBookCore
0x00000001ba120000 	/System/Library/PrivateFrameworks/ToneKit.framework/Versions/A/ToneKit
0x00000001b465f000 	/System/Library/PrivateFrameworks/ToneLibrary.framework/Versions/A/ToneLibrary
0x000000023eca7000 	/System/Library/PrivateFrameworks/ContactsAccounts.framework/Versions/A/ContactsAccounts
0x00000001b83d1000 	/System/Library/PrivateFrameworks/Lookup.framework/Versions/A/Lookup
0x0000000231992000 	/System/Library/Frameworks/QuickLookUI.framework/Versions/A/QuickLookUI
0x00000002323bf000 	/System/Library/Frameworks/ScreenCaptureKit.framework/Versions/A/ScreenCaptureKit
0x00000001b53c6000 	/System/Library/Frameworks/Quartz.framework/Versions/A/Frameworks/QuartzComposer.framework/Versions/A/QuartzComposer
0x00000001b45ef000 	/System/Library/Frameworks/Quartz.framework/Versions/A/Frameworks/QuartzFilters.framework/Versions/A/QuartzFilters
0x00000001b3676000 	/System/Library/Frameworks/Quartz.framework/Versions/A/Frameworks/ImageKit.framework/Versions/A/ImageKit
0x000000022b6f9000 	/System/Library/Frameworks/OpenCL.framework/Versions/A/OpenCL
0x00000001b1b72000 	/System/Library/PrivateFrameworks/CorePDF.framework/Versions/A/CorePDF
0x000000019bf16000 	/System/Library/Frameworks/QuickLook.framework/Versions/A/QuickLook
0x00000001a6cee000 	/System/Library/PrivateFrameworks/DisplayServices.framework/Versions/A/DisplayServices
0x00000001b4573000 	/System/Library/Frameworks/ImageCaptureCore.framework/Versions/A/ImageCaptureCore
0x000000027f4cb000 	/System/Library/PrivateFrameworks/VisionKitCore.framework/Versions/A/VisionKitCore
0x00000001afc4e000 	/System/Library/PrivateFrameworks/QuickLookSupport.framework/Versions/A/QuickLookSupport
0x000000025e28b000 	/System/Library/PrivateFrameworks/MediaAnalysisServices.framework/Versions/A/MediaAnalysisServices
0x00000001b735a000 	/System/Library/PrivateFrameworks/PhotoLibraryServices.framework/Versions/A/PhotoLibraryServices
0x00000001b4184000 	/System/Library/Frameworks/Photos.framework/Versions/A/Photos
0x00000001c8fdc000 	/System/Library/PrivateFrameworks/PhotosFormats.framework/Versions/A/PhotosFormats
0x000000027e606000 	/System/Library/PrivateFrameworks/VectorSearch.framework/Versions/A/VectorSearch
0x00000001c5219000 	/System/Library/PrivateFrameworks/CloudPhotoLibrary.framework/Versions/A/CloudPhotoLibrary
0x00000001cea76000 	/System/Library/PrivateFrameworks/CloudPhotoServices.framework/Versions/A/CloudPhotoServices
0x00000001caeba000 	/System/Library/PrivateFrameworks/CoreMediaStream.framework/Versions/A/CoreMediaStream
0x000000019f9be000 	/System/Library/PrivateFrameworks/CPAnalytics.framework/Versions/A/CPAnalytics
0x00000001c7245000 	/System/Library/PrivateFrameworks/MediaConversionService.framework/Versions/A/MediaConversionService
0x00000001a68a5000 	/System/Library/PrivateFrameworks/PhotoFoundation.framework/Versions/A/PhotoFoundation
0x0000000266bcd000 	/System/Library/PrivateFrameworks/PhotoLibraryServicesCore.framework/Versions/A/PhotoLibraryServicesCore
0x00000001c0e6e000 	/System/Library/PrivateFrameworks/MMCS.framework/Versions/A/MMCS
0x00000001a4b25000 	/System/Library/PrivateFrameworks/ChunkingLibrary.framework/Versions/A/ChunkingLibrary
0x000000019e66f000 	/System/Library/PrivateFrameworks/AssetCacheServices.framework/Versions/A/AssetCacheServices
0x00000001a066a000 	/System/Library/PrivateFrameworks/AVFoundationCF.framework/Versions/A/AVFoundationCF
0x00000001df403000 	/usr/lib/swift/libswiftDemangle.dylib
0x000000025465c000 	/System/Library/PrivateFrameworks/ImageCaptureDevices.framework/Versions/A/ImageCaptureDevices
0x00000001b289a000 	/System/Library/PrivateFrameworks/MediaStream.framework/Versions/A/MediaStream
0x00000001c7733000 	/System/Library/PrivateFrameworks/NeutrinoCore.framework/Versions/A/NeutrinoCore
0x000000018d8a0000 	/System/Library/PrivateFrameworks/NLP.framework/Versions/A/NLP
0x00000001cd7cb000 	/System/Library/PrivateFrameworks/PhotoImaging.framework/Versions/A/PhotoImaging
0x00000001cea37000 	/System/Library/PrivateFrameworks/PhotosImagingFoundation.framework/Versions/A/PhotosImagingFoundation
0x000000026777a000 	/System/Library/PrivateFrameworks/PhotosIntelligenceCore.framework/Versions/A/PhotosIntelligenceCore
0x00000001a0b02000 	/System/Library/PrivateFrameworks/EmbeddedAcousticRecognition.framework/Versions/A/EmbeddedAcousticRecognition
0x00000001bc353000 	/System/Library/PrivateFrameworks/EmojiFoundation.framework/Versions/A/EmojiFoundation
0x00000001c5493000 	/System/Library/PrivateFrameworks/SDAPI.framework/Versions/A/SDAPI
0x00000002583c6000 	/System/Library/PrivateFrameworks/IsolatedContextLogging.framework/Versions/A/IsolatedContextLogging
0x00000001cea85000 	/System/Library/PrivateFrameworks/AutoLoop.framework/Versions/A/AutoLoop
0x00000002683a0000 	/System/Library/PrivateFrameworks/Portrait.framework/Versions/A/Portrait
0x000000024823a000 	/System/Library/PrivateFrameworks/FusionTracker.framework/Versions/A/FusionTracker
0x00000001b4e49000 	/System/Library/PrivateFrameworks/iTunesCloud.framework/Versions/A/iTunesCloud
0x00000001be27c000 	/System/Library/PrivateFrameworks/DAAPKit.framework/Versions/A/DAAPKit
0x00000001affe8000 	/System/Library/PrivateFrameworks/DeviceManagement.framework/Versions/A/DeviceManagement
0x00000001d4af4000 	/System/Library/PrivateFrameworks/ScreenTimeUI.framework/Versions/A/ScreenTimeUI
0x00000001b25cf000 	/System/Library/PrivateFrameworks/QuickLookNonBaseSystem.framework/Versions/A/QuickLookNonBaseSystem
0x00000001b2df0000 	/System/Library/PrivateFrameworks/Catalyst.framework/Versions/A/Catalyst
0x00000001b4813000 	/System/Library/PrivateFrameworks/ScreenTimeCore.framework/Versions/A/ScreenTimeCore
0x00000001c8439000 	/System/Library/PrivateFrameworks/ScreenTimeServiceUI.framework/Versions/A/ScreenTimeServiceUI
0x00000001c1000000 	/System/Library/PrivateFrameworks/ConfigurationEngineModel.framework/Versions/A/ConfigurationEngineModel
0x00000001c4228000 	/System/Library/PrivateFrameworks/UsageTracking.framework/Versions/A/UsageTracking
0x000000022d2d6000 	/System/Library/Frameworks/DeviceActivity.framework/Versions/A/DeviceActivity
0x00000001c41f7000 	/System/Library/PrivateFrameworks/KnowledgeMonitor.framework/Versions/A/KnowledgeMonitor
0x00000001dc336000 	/System/Library/PrivateFrameworks/BluetoothManager.framework/Versions/A/BluetoothManager
0x000000022e966000 	/System/Library/Frameworks/ManagedSettings.framework/Versions/A/ManagedSettings
0x000000025d9db000 	/System/Library/PrivateFrameworks/ManagedSettingsSupport.framework/Versions/A/ManagedSettingsSupport
0x00000001d951e000 	/System/Library/Frameworks/ReplayKit.framework/Versions/A/ReplayKit
0x00000001a7d0b000 	/System/Library/PrivateFrameworks/MarkupUI.framework/Versions/A/MarkupUI
0x00000001b25a6000 	/System/Library/PrivateFrameworks/SidecarCore.framework/Versions/A/SidecarCore
0x00000001b527a000 	/System/Library/PrivateFrameworks/AnnotationKit.framework/Versions/A/AnnotationKit
0x00000001b38a9000 	/System/Library/Frameworks/PencilKit.framework/Versions/A/PencilKit
0x00000001b3a6d000 	/System/Library/PrivateFrameworks/SidecarUI.framework/Versions/A/SidecarUI
0x00000001b3214000 	/System/Library/PrivateFrameworks/CoreHandwriting.framework/Versions/A/CoreHandwriting
0x000000018748a000 	/usr/lib/libmecabra.dylib
0x00000001aba33000 	/System/Library/PrivateFrameworks/Calculate.framework/Versions/A/Calculate
0x00000001972f1000 	/usr/lib/libChineseTokenizer.dylib
0x00000001eae7b000 	/System/Library/PrivateFrameworks/ScreenReaderCore.framework/Versions/A/ScreenReaderCore
0x00000002769b1000 	/System/Library/PrivateFrameworks/StocksKit.framework/Versions/A/StocksKit
0x00000001aa9da000 	/System/Library/PrivateFrameworks/OAuth.framework/Versions/A/OAuth
0x00000002766a7000 	/System/Library/PrivateFrameworks/StocksCore.framework/Versions/A/StocksCore
0x0000000277bb8000 	/System/Library/PrivateFrameworks/TeaFoundation.framework/Versions/A/TeaFoundation
0x0000000277d9f000 	/System/Library/PrivateFrameworks/TeaSettings.framework/Versions/A/TeaSettings
0x00000001e0b1f000 	/System/Library/PrivateFrameworks/NewsCore.framework/Versions/A/NewsCore
0x0000000277b55000 	/System/Library/PrivateFrameworks/TeaDB.framework/Versions/A/TeaDB
0x00000001dd4ae000 	/System/Library/PrivateFrameworks/RemoteConfiguration.framework/Versions/A/RemoteConfiguration
0x00000001e0706000 	/System/Library/PrivateFrameworks/NewsTransport.framework/Versions/A/NewsTransport
0x00000001e0b0f000 	/System/Library/PrivateFrameworks/NewsFoundation.framework/Versions/A/NewsFoundation
0x00000002632ce000 	/System/Library/PrivateFrameworks/NewsURLBucket.framework/Versions/A/NewsURLBucket
0x00000001b6f59000 	/System/Library/PrivateFrameworks/MobileInstallation.framework/Versions/A/MobileInstallation
0x0000000233f1c000 	/System/Library/Frameworks/Translation.framework/Versions/A/Translation
0x00000001d0460000 	/System/Library/PrivateFrameworks/RevealCore.framework/Versions/A/RevealCore
0x00000001d0454000 	/System/Library/PrivateFrameworks/Reveal.framework/Versions/A/Reveal
0x00000001c80e4000 	/System/Library/Frameworks/Speech.framework/Versions/A/Speech
0x000000023540f000 	/System/Library/PrivateFrameworks/AIMLExperimentationAnalytics.framework/Versions/A/AIMLExperimentationAnalytics
0x00000002378b5000 	/System/Library/PrivateFrameworks/AlgorithmsInternal.framework/Versions/A/AlgorithmsInternal
0x000000027b521000 	/System/Library/PrivateFrameworks/TranslationUIServices.framework/Versions/A/TranslationUIServices
0x000000027a273000 	/System/Library/PrivateFrameworks/TipKitCore.framework/Versions/A/TipKitCore
0x00000001bc3d8000 	/System/Library/PrivateFrameworks/CoreCDPInternal.framework/Versions/A/CoreCDPInternal
0x0000000254e36000 	/System/Library/PrivateFrameworks/InputAnalytics.framework/Versions/A/InputAnalytics
0x00000001c2081000 	/System/Library/Frameworks/InstantMessage.framework/Versions/A/InstantMessage
0x00000001b9e8e000 	/System/Library/PrivateFrameworks/IDSKVStore.framework/Versions/A/IDSKVStore
0x00000001b9b31000 	/System/Library/PrivateFrameworks/IMDPersistence.framework/Versions/A/IMDPersistence
0x000000027d4a7000 	/System/Library/PrivateFrameworks/UserSafety.framework/Versions/A/UserSafety
0x00000001db3c0000 	/System/Library/PrivateFrameworks/BlastDoor.framework/Versions/A/BlastDoor
0x000000025952d000 	/System/Library/PrivateFrameworks/LinkPresentationStyleSheetParsing.framework/Versions/A/LinkPresentationStyleSheetParsing
0x0000000268561000 	/System/Library/PrivateFrameworks/PosterFoundation.framework/Versions/A/PosterFoundation
0x00000002685ef000 	/System/Library/PrivateFrameworks/PosterModel.framework/Versions/A/PosterModel
0x00000002685c9000 	/System/Library/PrivateFrameworks/PosterFuturesKit.framework/Versions/A/PosterFuturesKit
0x0000000247594000 	/System/Library/PrivateFrameworks/FeedbackService.framework/Versions/A/FeedbackService
0x00000001b2c6d000 	/System/Library/PrivateFrameworks/CoreSDB.framework/Versions/A/CoreSDB
0x000000023a8f8000 	/System/Library/PrivateFrameworks/AskToCore.framework/Versions/A/AskToCore
0x00000001d5376000 	/System/Library/PrivateFrameworks/MachineSettings.framework/Versions/A/MachineSettings
0x00000001c6a32000 	/System/Library/PrivateFrameworks/BezelServices.framework/Versions/A/BezelServices
0x00000001be307000 	/System/Library/PrivateFrameworks/SPOwner.framework/Versions/A/SPOwner
0x00000001b6ba1000 	/System/Library/PrivateFrameworks/FMCore.framework/Versions/A/FMCore
0x0000000284009000 	/System/Library/PrivateFrameworks/iCloudQuota.framework/Versions/A/iCloudQuota
0x00000001ab39e000 	/System/Library/PrivateFrameworks/CoreRecognition.framework/Versions/A/CoreRecognition
0x00000001c6af2000 	/System/Library/PrivateFrameworks/InAppMessages.framework/Versions/A/InAppMessages
0x00000001e9a2e000 	/System/Library/PrivateFrameworks/JetUI.framework/Versions/A/JetUI
0x0000000258725000 	/System/Library/PrivateFrameworks/JetPack.framework/Versions/A/JetPack
0x00000001c6ae9000 	/System/Library/PrivateFrameworks/InAppMessagesCore.framework/Versions/A/InAppMessagesCore
0x000000028341f000 	/System/Library/PrivateFrameworks/_JetEngine_SwiftUI.framework/Versions/A/_JetEngine_SwiftUI
0x000000027764b000 	/System/Library/PrivateFrameworks/Synapse.framework/Versions/A/Synapse
0x000000023cb9e000 	/System/Library/PrivateFrameworks/CSExattrCrypto.framework/Versions/A/CSExattrCrypto
0x00000001b80c8000 	/System/Library/PrivateFrameworks/StoreFoundation.framework/Versions/A/StoreFoundation
0x00000001b6b9b000 	/System/Library/PrivateFrameworks/ServerInformation.framework/Versions/A/ServerInformation
0x00000001b65b1000 	/System/Library/PrivateFrameworks/Install.framework/Frameworks/DistributionKit.framework/Versions/A/DistributionKit
0x00000001afa22000 	/System/Library/PrivateFrameworks/PackageKit.framework/Versions/A/PackageKit
0x00000001b65d4000 	/System/Library/PrivateFrameworks/OSPersonalization.framework/Versions/A/OSPersonalization
0x00000001b862e000 	/System/Library/PrivateFrameworks/BridgeOSSoftwareUpdate.framework/Versions/A/BridgeOSSoftwareUpdate
0x00000001b3113000 	/System/Library/PrivateFrameworks/StorageManagement.framework/Versions/A/StorageManagement
0x00000001c7f64000 	/usr/lib/libauthinstall.dylib
0x00000001b8637000 	/System/Library/PrivateFrameworks/InstallerDiagnostics.framework/Versions/A/InstallerDiagnostics
0x00000001c8620000 	/usr/lib/libcrypto.42.dylib
0x000000028ab92000 	/usr/lib/updaters/libAppleTconUARPUpdater.dylib
0x000000028ad27000 	/usr/lib/updaters/libT200Updater.dylib
0x00000001b861c000 	/System/Library/PrivateFrameworks/GPUInfo.framework/Versions/A/GPUInfo
0x00000001c6bef000 	/System/Library/PrivateFrameworks/MobileActivationMacOS.framework/Versions/A/MobileActivationMacOS
0x00000001aa91f000 	/System/Library/PrivateFrameworks/AccountsDaemon.framework/Versions/A/AccountsDaemon
0x00000001b867a000 	/System/Library/PrivateFrameworks/AOSKit.framework/Versions/A/AOSKit
0x0000000197420000 	/System/Library/PrivateFrameworks/AppSSOCore.framework/Versions/A/AppSSOCore
0x000000023b344000 	/System/Library/PrivateFrameworks/BackgroundSystemTasks.framework/Versions/A/BackgroundSystemTasks
0x00000001a30ac000 	/System/Library/PrivateFrameworks/DuetActivityScheduler.framework/Versions/A/DuetActivityScheduler
0x00000001c5144000 	/System/Library/PrivateFrameworks/NetworkServiceProxy.framework/Versions/A/NetworkServiceProxy
0x000000019e2fb000 	/usr/lib/libnetworkextension.dylib
0x000000027736d000 	/System/Library/PrivateFrameworks/Symptoms.framework/Versions/A/Frameworks/SymptomAnalytics.framework/Versions/A/SymptomAnalytics
0x000000019ae33000 	/System/Library/Frameworks/NetworkExtension.framework/Versions/A/NetworkExtension
0x00000001a17c8000 	/System/Library/PrivateFrameworks/CoreDuetContext.framework/Versions/A/CoreDuetContext
0x000000018bef4000 	/System/Library/PrivateFrameworks/CoreDuet.framework/Versions/A/CoreDuet
0x00000001a65df000 	/System/Library/PrivateFrameworks/AssistantServices.framework/Versions/A/AssistantServices
0x00000001a07ad000 	/System/Library/PrivateFrameworks/SAObjects.framework/Versions/A/SAObjects
0x00000001a61c6000 	/System/Library/PrivateFrameworks/MediaRemote.framework/Versions/A/MediaRemote
0x0000000273edb000 	/System/Library/PrivateFrameworks/SiriTTSService.framework/Versions/A/SiriTTSService
0x000000026e5d7000 	/System/Library/PrivateFrameworks/SiriCrossDeviceArbitration.framework/Versions/A/SiriCrossDeviceArbitration
0x000000024711e000 	/System/Library/PrivateFrameworks/FaceTimeNameUtility.framework/Versions/A/FaceTimeNameUtility
0x000000026e62b000 	/System/Library/PrivateFrameworks/SiriCrossDeviceArbitrationFeedback.framework/Versions/A/SiriCrossDeviceArbitrationFeedback
0x00000001c7477000 	/System/Library/PrivateFrameworks/UIKitServices.framework/Versions/A/UIKitServices
0x00000001ab1ae000 	/System/Library/PrivateFrameworks/MediaServices.framework/Versions/A/MediaServices
0x0000000197869000 	/System/Library/PrivateFrameworks/PersistentConnection.framework/Versions/A/PersistentConnection
0x00000002757be000 	/System/Library/PrivateFrameworks/SonicFoundation.framework/Versions/A/SonicFoundation
0x00000001bab8e000 	/usr/lib/libtailspin.dylib
0x00000001ceb97000 	/System/Library/PrivateFrameworks/Osprey.framework/Versions/A/Osprey
0x000000027355b000 	/System/Library/PrivateFrameworks/SiriTTS.framework/Versions/A/SiriTTS
0x000000027211b000 	/System/Library/PrivateFrameworks/SiriPowerInstrumentation.framework/Versions/A/SiriPowerInstrumentation
0x0000000277b53000 	/System/Library/PrivateFrameworks/TailspinSymbolication.framework/Versions/A/TailspinSymbolication
0x0000000245474000 	/System/Library/PrivateFrameworks/Darwinup.framework/Versions/A/Darwinup
0x00000001c7280000 	/System/Library/PrivateFrameworks/SignpostSupport.framework/Versions/A/SignpostSupport
0x00000001b2bfa000 	/System/Library/PrivateFrameworks/FeatureFlagsSupport.framework/Versions/A/FeatureFlagsSupport
0x00000001c6940000 	/System/Library/PrivateFrameworks/ktrace.framework/Versions/A/ktrace
0x00000001c74af000 	/System/Library/PrivateFrameworks/SampleAnalysis.framework/Versions/A/SampleAnalysis
0x00000001d042e000 	/System/Library/PrivateFrameworks/kperfdata.framework/Versions/A/kperfdata
0x000000019c054000 	/usr/lib/libdscsym.dylib
0x00000001d0903000 	/System/Library/PrivateFrameworks/BulkSymbolication.framework/Versions/A/BulkSymbolication
0x00000001a41fa000 	/System/Library/PrivateFrameworks/CoreDuetDaemonProtocol.framework/Versions/A/CoreDuetDaemonProtocol
0x00000001b7f49000 	/System/Library/PrivateFrameworks/CaptiveNetwork.framework/Versions/A/CaptiveNetwork
0x00000001a25f3000 	/System/Library/PrivateFrameworks/EAP8021X.framework/Versions/A/EAP8021X
0x000000024523a000 	/System/Library/PrivateFrameworks/CryptoKitPrivate.framework/Versions/A/CryptoKitPrivate
0x00000001b21c8000 	/System/Library/PrivateFrameworks/FindMyDevice.framework/Versions/A/FindMyDevice
0x00000001a6de1000 	/System/Library/PrivateFrameworks/FMCoreLite.framework/Versions/A/FMCoreLite
0x0000000194f18000 	/System/Library/Frameworks/ServiceManagement.framework/Versions/A/ServiceManagement
0x00000001b9aaf000 	/System/Library/Frameworks/Accelerate.framework/Versions/A/Frameworks/vImage.framework/Versions/A/Libraries/libCGInterfaces.dylib
0x000000013e2f0000 	/System/Library/Extensions/AGXMetalG15X_M1.bundle/Contents/MacOS/AGXMetalG15X_M1
0x00000001ab048000 	/System/Library/PrivateFrameworks/IOGPU.framework/Versions/A/IOGPU
0x000000012ae58000 	/Users/moritzlindner/programming/private/wallpapers_and_stuff/libEGL.dylib
0x000000013f60c000 	/Users/moritzlindner/programming/private/wallpapers_and_stuff/libGLESv2.dylib
0x000000013fdf8000 	/Users/moritzlindner/programming/private/wallpapers_and_stuff/libMoltenVK.dylib
0x000000013e264000 	/private/var/folders/0c/jv1ds4r17kd04lfwxh2r8vw80000gn/T/lwjgl_moritzlindner/3.3.6+1/arm64/liblwjgl_opengles.dylib
0x000000027836d000 	/System/Library/PrivateFrameworks/TextInputUI.framework/Versions/A/TextInputUI
0x00000002783a3000 	/System/Library/PrivateFrameworks/TextInputUIMacHelper.framework/Versions/A/TextInputUIMacHelper

JVMTI agents: none


VM Arguments:
jvm_args: -Dfile.encoding=UTF-8 -Duser.country=US -Duser.language=en -Duser.variant 
java_command: countour.stacking.TemplateProgramKt
java_class_path (initial): /Users/moritzlindner/programming/private/wallpapers_and_stuff/build/classes/java/main:/Users/moritzlindner/programming/private/wallpapers_and_stuff/build/classes/kotlin/main:/Users/moritzlindner/programming/private/wallpapers_and_stuff/build/resources/main:/Users/moritzlindner/.gradle/caches/modules-2/files-2.1/org.openrndr.extra/orx-gui/0.4.5/508eccbd2ae2e0bbdb1abe38038e1f029dea20c7/orx-gui-0.4.5.jar:/Users/moritzlindner/.gradle/caches/modules-2/files-2.1/org.openrndr.extra/orx-olive/0.4.5/c6a45e3f3f66e2ec161f6a82b020c754a663e8cf/orx-olive-0.4.5.jar:/Users/moritzlindner/.gradle/caches/modules-2/files-2.1/org.openrndr.extra/orx-panel/0.4.5/b57a39ffe1844b7a139120afcbf00f6b4b168099/orx-panel-0.4.5.jar:/Users/moritzlindner/.gradle/caches/modules-2/files-2.1/org.openrndr/openrndr-dialogs/0.4.5/e69db94afa912a2cc706db49dd31102b297dd5a0/openrndr-dialogs-0.4.5.jar:/Users/moritzlindner/.gradle/caches/modules-2/files-2.1/org.openrndr/openrndr-gl3-jvm/0.4.5/970b74cc1fb5a4f17fe02ed0b76d713070f89ac7/openrndr-gl3-jvm-0.4.5.jar:/Users/moritzlindner/.gradle/caches/modules-2/files-2.1/org.openrndr/openrndr-extensions-jvm/0.4.5/de28440f7e733feb9493337136ae1854e982d579/openrndr-extensions-jvm-0.4.5.jar:/Users/moritzlindner/.gradle/caches/modules-2/files-2.1/org.openrndr.extra/orx-video-profiles/0.4.5/7a28633c08f7a3a02a597b0d92cefdb15810af31/orx-video-profiles-0.4.5.jar:/Users/moritzlindner/.gradle/caches/modules-2/files-2.1/org.openrndr/openrndr-ffmpeg-jvm/0.4.5/a7dd484663731434d4d415729a5af15db67f20ba/openrndr-ffmpeg-jvm-0.4.5.jar:/Users/moritzlindner/.gradle/caches/modules-2/files-2.1/org.openrndr.extra/orx-camera-jvm/0.4.5/a0a08edcd48ac7c5c3810ef00a187a7d22336661/orx-camera-jvm-0.4.5.jar:/Users/moritzlindner/.gradle/caches/modules-2/files-2.1/org.openrndr.extra/orx-compositor-jvm/0.4.5/fd37e589143561653341f6737c4b7b0c3e65034d/orx-compositor-jvm-0.4.5.jar:/Users/moritzlindner/.gradle/caches/modules-2/files-2.1/org.openrndr.extra/orx-fx-jvm/0.4.5/efab8b1b26ae64fa6678b194873901633f9abe9b/orx-fx-jvm-0.4.5.jar:/Users/moritzlindner/.gradle/caches/modules-2/files-2.1/org.openrndr.extra/orx-shade-styles-jvm/0.4.5/a77637ed00836aaf22f91e4a9a3d6908e73c6b14/orx-shade-styles-jvm-0.4.5.jar:/Users/moritzlindner/.gradle/caches/modules-2/files-2.1/org.openrndr.extra/orx-shapes-jvm/0.4.5/d40fd7378d686acdb7ecdab40bc9d89a3fa6be8d/orx-shapes-jvm-0.4.5.jar:/Users/moritzlindner/.gradle/caches/modules-2/files-2.1/org.openrndr.extra/orx-color-jvm/0.4.5/46c59e92543c4646ffd3398f573993f156ac2f7c/orx-color-jvm-0.4.5.jar:/Users/moritzlindner/.gradle/caches/modules-2/files-2.1/org.openrndr.extra/orx-svg-jvm/0.4.5/ab397026192584c46da1364261bc6726c47510c7/orx-svg-jvm-0.4.5.jar:/Users/moritzlindner/.gradle/caches/modules-2/files-2.1/org.openrndr.extra/orx-composition-jvm/0.4.5/4ce897bd96a567ba5b2d9048e94a31e1949d5e67/orx-composition-jvm-0.4.5.jar:/Users/moritzlindner/.gradle/caches/modules-2/files-2.1/org.openrndr.extra/orx-delegate-magic-jvm/0.4.5/d58ba02960cc92a3d60f26f1bd5df600ea6594db/orx-delegate-magic-jvm-0.4.5.jar:/Users/moritzlindner/.gradle/caches/modules-2/files-2.1/org.openrndr.extra/orx-envelopes-jvm/0.4.5/1addf9acf0f99f7936f17e97d54805b831b12be2/orx-envelopes-jvm-0.4.5.jar:/Users/moritzlindner/.gradle/caches/modules-2/files-2.1/org.openrndr.extra/orx-image-fit-jvm/0.4.5/e0022c3d0a8f5368054c90c02e7da3a0e4ce0e3a/orx-image-fit-jvm-0.4.5.jar:/Users/moritzlindner/.gradle/caches/modules-2/files-2.1/org.openrndr.extra/orx-no-clear-jvm/0.4.5/c374e943c5042aef2ea45d544b4aaf2900981012/orx-no-clear-jvm-0.4.5.jar:/Users/moritzlindner/.gradle/caches/modules-2/files-2.1/org.openrndr.extra/orx-file-watcher/0.4.5/cef3d9182618e09f9f3ab50dbfff7a7376cc5a72/orx-file-watcher-0.4.5.jar:/Users/moritzlindner/.gradle/caches/modules-2/files-2.1/org.openrndr.extra/orx-text-writer-jvm/0.4.5/f610e13506f74b656ed8f80c07a07a9e219e3e78/orx-text-writer-jvm-0.4.5.jar:/Users/moritzlindner/.gradle/caches/modules-2/files-2.1/org.openrndr.extra/orx-view-box-jvm/0.4.5/98c01871e096beeb8dd9dd808b0d63766cc8b3d4/orx-view-box-jvm-0.4.5.jar:/Users/moritzlindner/.gradle/caches/modules-2/files-2.1/org.openrndr.extra/orx-expression-evaluator-jvm/0.4.5/f14531161ada563b447c18c9a11490b8e95b0dce/orx-expression-evaluator-jvm-0.4.5.jar:/Users/moritzlindner/.gradle/caches/modules-2/files-2.1/org.openrndr.extra/orx-triangulation-jvm/0.4.5/1b576aade8413d7c6aa58f013b4bc1115bdda8cd/orx-triangulation-jvm-0.4.5.jar:/Users/moritzlindner/.gradle/caches/modules-2/files-2.1/org.openrndr.extra/orx-noise-jvm/0.4.5/c4a3aa81d19227785cc1ed4e52860dd531f5291d/orx-noise-jvm-0.4.5.jar:/Users/moritzlindner/.gradle/caches/modules-2/files-2.1/org.openrndr.extra/orx-hash-grid-jvm/0.4.5/32c1342310bce92de81575370fbf62761f2eaae4/orx-hash-grid-jvm-0.4.5.jar:/Users/moritzlindner/.gradle/caches/modules-2/files-2.1/org.openrndr.extra/orx-parameters-jvm/0.4.5/cc75adda8f5b6b17cadfafea82a5aac8bad59aaa/orx-parameters-jvm-0.4.5.jar:/Users/moritzlindner/.gradle/caches/modules-2/files-2.1/org.openrndr.extra/orx-shader-phrases-jvm/0.4.5/d7f292a4377ff498b3216f64cbaa989d352aecce/orx-shader-phrases-jvm-0.4.5.jar:/Users/moritzlindner/.gradle/caches/modules-2/files-2.1/org.openrndr.extra/orx-kdtree-jvm/0.4.5/68e0f1f7b45e06d26db5e9096a8e2174d089304c/orx-kdtree-jvm-0.4.5.jar:/Users/moritzlindner/.gradle/caches/modules-2/files-2.1/org.openrndr.extra/orx-property-watchers-jvm/0.4.5/2210fa77c5f28834d13589ad54b0d36ffcc82077/orx-property-watchers-jvm-0.4.5.jar:/Users/moritzlindner/.gradle/caches/modules-2/files-2.1/org.openrndr/openrndr-application-jvm/0.4.5/6d87422a1681f68e0eb95677412e658566ca0aac/openrndr-application-jvm-0.4.5.jar:/Users/moritzlindner/.gradle/caches/modules-2/files-2.1/org.jetbrains.kotlin/kotlin-scripting-jsr223/2.2.10/fa36b050647ed01300193f8933cf2aca4a3df74a/kotlin-scripting-jsr223-2.2.10.jar:/Users/moritzlindner/.gradle/caches/modules-2/files-2.1/org.jetbrains.kotlin/kotlin-scripting-jvm-host/2.2.10/65df8acaab0d0b21ba6aaf98adc489fdc2975ba8/kotlin-scripting-jvm-host-2.2.10.jar:/Users/moritzlindner/.gradle/caches/modules-2/files-2.1/org.jetbrains.kotlin/kotlin-compiler-embeddable/2.2.10/6882d39ef03b18879c1a5d2a83c2212361bed5fe/kotlin-compiler-embeddable-2.2.10.jar:/Users/moritzlindner/.gradle/caches/modules-2/files-2.1/org.jetbrains.kotlinx/kotlinx-coroutines-core-jvm/1.11.0/3d57dc678bd8d72a60e7adf0eca5c54e3f4f4b79/kotlinx-coroutines-core-jvm-1.11.0.jar:/Users/moritzlindner/.gradle/caches/modules-2/files-2.1/org.openrndr/openrndr-filter-jvm/0.4.5/e12e320e3d874b069c5422d014adf29f0d31ba0d/openrndr-filter-jvm-0.4.5.jar:/Users/moritzlindner/.gradle/caches/modules-2/files-2.1/org.openrndr/openrndr-dds-jvm/0.4.5/be0f6e33d3a06f766c71dc3a98c897fd3b02b060/openrndr-dds-jvm-0.4.5.jar:/Users/moritzlindner/.gradle/caches/modules-2/files-2.1/org.openrndr/openrndr-gl-common-jvm/0.4.5/ad8e64588bd76d373733538165eb77412c4238e3/openrndr-gl-common-jvm-0.4.5.jar:/Users/moritzlindner/.gradle/caches/modules-2/files-2.1/org.openrndr/openrndr-draw-jvm/0.4.5/f788699b1cf3df7803931713e7c0575b90bd43b3/openrndr-draw-jvm-0.4.5.jar:/Users/moritzlindner/.gradle/caches/modules-2/files-2.1/org.openrndr.extra/orx-marching-squares-jvm/0.4.5/24e56e1ee1944981ac4b68983fd3b867ce0a46a3/orx-marching-squares-jvm-0.4.5.jar:/Users/moritzlindner/.gradle/caches/modules-2/files-2.1/org.openrndr/openrndr-binpack-jvm/0.4.5/6aceb4746fd30068ba89175947fb7ef8d7f97044/openrndr-binpack-jvm-0.4.5.jar:/Users/moritzlindner/.gradle/caches/modules-2/files-2.1/org.openrndr/openrndr-shape-jvm/0.4.5/337e9345307166be24611cbe5ed550c74e976144/openrndr-shape-jvm-0.4.5.jar:/Users/moritzlindner/.gradle/caches/modules-2/files-2.1/org.openrndr/openrndr-kartifex-jvm/0.4.5/dd8927912bdd61dc183fa0ffce2e821ba502786/openrndr-kartifex-jvm-0.4.5.jar:/Users/moritzlindner/.gradle/caches/modules-2/files-2.1/org.openrndr/openrndr-utils-jvm/0.4.5/f42d5aa7cc1f05a80d7064036b1f23d19973480b/openrndr-utils-jvm-0.4.5.jar:/Users/moritzlindner/.gradle/caches/modules-2/files-2.1/org.jetbrains.kotlinx/kotlinx-serialization-core-jvm/1.11.0/c1905c9bf7452b045d5af9248835abe64ddad6bf/kotlinx-serialization-core-jvm-1.11.0.jar:/Users/moritzlindner/.gradle/caches/modules-2/files-2.1/org.jetbrains.kotlinx/kotlinx-serialization-json-jvm/1.11.0/e7e045e99e56f07599bb9ccb708c2190e2af0606/kotlinx-serialization-json-jvm-1.11.0.jar:/Users/moritzlindner/.gradle/caches/modules-2/files-2.1/org.openrndr/openrndr-openal-jvm/0.4.5/fff66f78644fcf3d0b8cfc789f6c8ac828d97f3f/openrndr-openal-jvm-0.4.5.jar:/Users/moritzlindner/.gradle/caches/modules-2/files-2.1/org.openrndr/openrndr-animatable-jvm/0.4.5/be054732a040312bc8defdbaaf1e83c8a6ad30a1/openrndr-animatable-jvm-0.4.5.jar:/Users/moritzlindner/.gradle/caches/modules-2/files-2.1/org.openrndr.extra/orx-math-jvm/0.4.5/aee518a5dd93be10a06728a9466f5ff43225ca39/orx-math-jvm-0.4.5.jar:/Users/moritzlindner/.gradle/caches/modules-2/files-2.1/org.openrndr/openrndr-color-jvm/0.4.5/ce87bb85f433410429917e10f14d6d08485757d0/openrndr-color-jvm-0.4.5.jar:/Users/moritzlindner/.gradle/caches/modules-2/files-2.1/org.openrndr/openrndr-ktessellation-jvm/0.4.5/7d448b57c669e3b0d09f4e16ffbcf7bef80b42f5/openrndr-ktessellation-jvm-0.4.5.jar:/Users/moritzlindner/.gradle/caches/modules-2/files-2.1/org.openrndr/openrndr-math-jvm/0.4.5/557baa6087094a2b2c1656f16ea343ba7515a0a2/openrndr-math-jvm-0.4.5.jar:/Users/moritzlindner/.gradle/caches/modules-2/files-2.1/org.apache.logging.log4j/log4j-slf4j2-impl/2.26.0/668c0f0e813d83f00a7182533aa658ec7e7a0a0d/log4j-slf4j2-impl-2.26.0.jar:/Users/moritzlindner/.gradle/caches/modules-2/files-2.1/org.slf4j/slf4j-api/2.0.18/78a9e7a37cd6360e0b818e86341b24123d28d4df/slf4j-api-2.0.18.jar:/Users/moritzlindner/.gradle/caches/modules-2/files-2.1/org.openrndr/openrndr-gl3-natives-macos-arm64/0.4.5/218a1fe90fed317e03689da2a1351e812d5dab5c/openrndr-gl3-natives-macos-arm64-0.4.5.jar:/Users/moritzlindner/.gradle/caches/modules-2/files-2.1/org.openrndr/openrndr-openal-natives-macos-arm64/0.4.5/2ad14aed781c4a73ed4dbb421966d408a0a06686/openrndr-openal-natives-macos-arm64-0.4.5.jar:/Users/moritzlindner/.gradle/caches/modules-2/files-2.1/org.openrndr/openrndr-ffmpeg-natives-macos-arm64/0.4.5/2ad14aed781c4a73ed4dbb421966d408a0a06686/openrndr-ffmpeg-natives-macos-arm64-0.4.5.jar:/Users/moritzlindner/.gradle/caches/modules-2/files-2.1/org.openrndr.extra/orx-kotlin-parser/0.4.5/98658f9d8c6c9b6b1d00bb5be4c786b2383b6ddc/orx-kotlin-parser-0.4.5.jar:/Users/moritzlindner/.gradle/caches/modules-2/files-2.1/org.openrndr/openrndr-event-jvm/0.4.5/3bdf644063c804935905abeb2482592ac8b66bf2/openrndr-event-jvm-0.4.5.jar:/Users/moritzlindner/.gradle/caches/modules-2/files-2.1/org.openrndr/openrndr-platform-jvm/0.4.5/ba35103fa5765549bc83db3018777d24edbbf3f3/openrndr-platform-jvm-0.4.5.jar:/Users/moritzlindner/.gradle/caches/modules-2/files-2.1/io.github.oshai/kotlin-logging-jvm/8.0.4/e6b2cc0236be77e274cec7195ab59a8d341ae888/kotlin-logging-jvm-8.0.4.jar:/Users/moritzlindner/.gradle/caches/modules-2/files-2.1/org.jetbrains.kotlin/kotlin-stdlib-jdk7/2.3.21/fc813375d768ec8d2557b27a73a9878955024a23/kotlin-stdlib-jdk7-2.3.21.jar:/Users/moritzlindner/.gradle/caches/modules-2/files-2.1/org.jetbrains.kotlin/kotlin-reflect/2.2.10/98d0ca9819d98cb3aa5c0a25793830b6659feee2/kotlin-reflect-2.2.10.jar:/Users/moritzlindner/.gradle/caches/modules-2/files-2.1/org.jetbrains.kotlin/kotlin-scripting-compiler-embeddable/2.2.10/25d0e9a886551d4a46ae85d4d5d0088829ef9/kotlin-scripting-compiler-embeddable-2.2.10.jar:/Users/moritzlindner/.gradle/caches/modules-2/files-2.1/org.jetbrains.kotlin/kotlin-scripting-compiler-impl-embeddable/2.2.10/3f1bcab651be1ab86e8d240b797b1a05dd8b0027/kotlin-scripting-compiler-impl-embeddable-2.2.10.jar:/Users/moritzlindner/.gradle/caches/modules-2/files-2.1/org.jetbrains.kotlin/kotlin-scripting-jvm/2.2.10/beecd90e2b145845581e953ba8420f1b30cac848/kotlin-scripting-jvm-2.2.10.jar:/Users/moritzlindner/.gradle/caches/modules-2/files-2.1/org.jetbrains.kotlin/kotlin-scripting-common/2.2.10/87769c03c5456d7c827fc950063664907b192c1c/kotlin-scripting-common-2.2.10.jar:/Users/moritzlindner/.gradle/caches/modules-2/files-2.1/com.strumenta/antlr-kotlin-runtime-jvm/1.0.3/aa8ab42b87fda800687fb737f77fc29dadd9c17c/antlr-kotlin-runtime-jvm-1.0.3.jar:/Users/moritzlindner/.gradle/caches/modules-2/files-2.1/org.jetbrains.kotlin/kotlin-stdlib/2.3.21/a2ee2c4e220fee522f0451b723bab2a43f3481a7/kotlin-stdlib-2.3.21.jar:/Users/moritzlindner/.gradle/caches/modules-2/files-2.1/org.jetbrains.kotlin/kotlin-stdlib-jdk8/2.3.21/82bd61b853e2e3dbb2124b2adc693d9c16557bed/kotlin-stdlib-jdk8-2.3.21.jar:/Users/moritzlindner/.gradle/caches/modules-2/files-2.1/org.jetbrains.kotlin/kotlin-script-runtime/2.3.21/8dafd7f0eb5efef35a446683a2774fef61c68aeb/kotlin-script-runtime-2.3.21.jar:/Users/moritzlindner/.gradle/caches/modules-2/files-2.1/org.apache.logging.log4j/log4j-core/2.26.0/d267ca60b27ddb075e0b4e75e7875859717bf85f/log4j-core-2.26.0.jar:/Users/moritzlindner/.gradle/caches/modules-2/files-2.1/com.fasterxml.jackson.core/jackson-core/2.21.4/56a503ba45016714394807ea89f95f5093760089/jackson-core-2.21.4.jar:/Users/moritzlindner/.gradle/caches/modules-2/files-2.1/com.fasterxml.jackson.dataformat/jackson-dataformat-yaml/2.21.4/d506a8a96ba24172110aca439e78fd6a38a11799/jackson-dataformat-yaml-2.21.4.jar:/Users/moritzlindner/.gradle/caches/modules-2/files-2.1/com.fasterxml.jackson.core/jackson-databind/2.21.4/9e495680be707d466527d734368ebf36e464da2/jackson-databind-2.21.4.jar:/Users/moritzlindner/.gradle/caches/modules-2/files-2.1/org.lwjgl/lwjgl-nfd/3.3.6/e8059ffaf90c86b061fd89ddf3092979581ec72b/lwjgl-nfd-3.3.6.jar:/Users/moritzlindner/.gradle/caches/modules-2/files-2.1/org.lwjgl/lwjgl-nfd/3.3.6/cb2ec715905b56d4751a9ca56d1f36aa699b8f35/lwjgl-nfd-3.3.6-natives-macos-arm64.jar:/Users/moritzlindner/.gradle/caches/modules-2/files-2.1/com.google.code.gson/gson/2.13.1/853ce06c11316b33a8eae5e9095da096a9528b8f/gson-2.13.1.jar:/Users/moritzlindner/.gradle/caches/modules-2/files-2.1/org.apache.logging.log4j/log4j-api/2.26.0/ad52af0ecf054a7e3f275a2e180ee06d9c490951/log4j-api-2.26.0.jar:/Users/moritzlindner/.gradle/caches/modules-2/files-2.1/com.fasterxml.jackson.core/jackson-annotations/2.21/b1bc1868bf02dc0bd6c7836257a036a331005309/jackson-annotations-2.21.jar:/Users/moritzlindner/.gradle/caches/modules-2/files-2.1/org.yaml/snakeyaml/2.5/2d53ddec134280cb384c1e35d094e5f71c1f2316/snakeyaml-2.5.jar:/Users/moritzlindner/.gradle/caches/modules-2/files-2.1/org.lwjgl/lwjgl-glfw/3.3.6/399b42b491c5dfa6595ae6fd79dcba61b93538a7/lwjgl-glfw-3.3.6-natives-macos-arm64.jar:/Users/moritzlindner/.gradle/caches/modules-2/files-2.1/org.lwjgl/lwjgl-glfw/3.3.6/7119f7d0eeb1e5502ff0ca71d2b4d47317da015/lwjgl-glfw-3.3.6.jar:/Users/moritzlindner/.gradle/caches/modules-2/files-2.1/org.lwjgl/lwjgl-jemalloc/3.3.6/1f828c1fc06792475850162725433adf5ad001c0/lwjgl-jemalloc-3.3.6-natives-macos-arm64.jar:/Users/moritzlindner/.gradle/caches/modules-2/files-2.1/org.lwjgl/lwjgl-jemalloc/3.3.6/245910eb57f2444429c74e6bf96030e5ec0a6739/lwjgl-jemalloc-3.3.6.jar:/Users/moritzlindner/.gradle/caches/modules-2/files-2.1/org.lwjgl/lwjgl-opengl/3.3.6/fee4fb2ee786af6530b6f9188205a76bc4e05268/lwjgl-opengl-3.3.6-natives-macos-arm64.jar:/Users/moritzlindner/.gradle/caches/modules-2/files-2.1/org.lwjgl/lwjgl-opengl/3.3.6/ac2532612a4df374e9a9282bcf8ce2573018ebbb/lwjgl-opengl-3.3.6.jar:/Users/moritzlindner/.gradle/caches/modules-2/files-2.1/org.lwjgl/lwjgl-opengles/3.3.6/98b674bef59c4dc1e319076fd1fefadbbb833192/lwjgl-opengles-3.3.6-natives-macos-arm64.jar:/Users/moritzlindner/.gradle/caches/modules-2/files-2.1/org.lwjgl/lwjgl-opengles/3.3.6/438cffbadd2721056c0ec31fdee1f21a25009207/lwjgl-opengles-3.3.6.jar:/Users/moritzlindner/.gradle/caches/modules-2/files-2.1/org.lwjgl/lwjgl-stb/3.3.6/1a0c5e9e5a8b049dccad7b7b137aab44f14c5d25/lwjgl-stb-3.3.6-natives-macos-arm64.jar:/Users/moritzlindner/.gradle/caches/modules-2/files-2.1/org.lwjgl/lwjgl-stb/3.3.6/e2d3739dcfe7b672b626ded66d94f6587083306e/lwjgl-stb-3.3.6.jar:/Users/moritzlindner/.gradle/caches/modules-2/files-2.1/org.lwjgl/lwjgl-tinyexr/3.3.6/a2b2c27436f97ec784a8d42f52147ab179d47a48/lwjgl-tinyexr-3.3.6-natives-macos-arm64.jar:/Users/moritzlindner/.gradle/caches/modules-2/files-2.1/org.lwjgl/lwjgl-tinyexr/3.3.6/768af01fee033d01e9af7769becb0ad81864b4dc/lwjgl-tinyexr-3.3.6.jar:/Users/moritzlindner/.gradle/caches/modules-2/files-2.1/org.lwjgl/lwjgl-openal/3.3.6/13f692aec4ae4b2d3c468aa0008472175f0ea1e0/lwjgl-openal-3.3.6-natives-macos-arm64.jar:/Users/moritzlindner/.gradle/caches/modules-2/files-2.1/org.lwjgl/lwjgl-openal/3.3.6/ad313317ff399fd2a7f4dd74716a68cf3976c6ad/lwjgl-openal-3.3.6.jar:/Users/moritzlindner/.gradle/caches/modules-2/files-2.1/org.lwjgl/lwjgl-egl/3.3.6/6842d0164e94dda0fb5ec1d55b67e69df7643f28/lwjgl-egl-3.3.6.jar:/Users/moritzlindner/.gradle/caches/modules-2/files-2.1/org.lwjgl/lwjgl/3.3.6/832e2964ce74e02e768814a29c06d60645115b9a/lwjgl-3.3.6-natives-macos-arm64.jar:/Users/moritzlindner/.gradle/caches/modules-2/files-2.1/org.lwjgl/lwjgl/3.3.6/ce7721d30cfaf47feaed10213e0c43eb55c49d68/lwjgl-3.3.6.jar:/Users/moritzlindner/.gradle/caches/modules-2/files-2.1/org.bytedeco/ffmpeg/7.1.1-1.5.12/7a10295809ecd69d11504bead037b55631bb3cc4/ffmpeg-7.1.1-1.5.12-macosx-arm64-gpl.jar:/Users/moritzlindner/.gradle/caches/modules-2/files-2.1/org.bytedeco/ffmpeg/7.1.1-1.5.12/cb9ea8db4629207cba7b2bcfd2a7f7f87c789054/ffmpeg-7.1.1-1.5.12.jar:/Users/moritzlindner/.gradle/caches/modules-2/files-2.1/org.bytedeco/javacpp/1.5.12/9cd9b23e7cd58096ee212821d161a7b6604f537b/javacpp-1.5.12-macosx-arm64.jar:/Users/moritzlindner/.gradle/caches/modules-2/files-2.1/org.bytedeco/javacpp/1.5.12/d37e3e9c7f3e3a9e492c245e62fd358611889e04/javacpp-1.5.12.jar:/Users/moritzlindner/.gradle/caches/modules-2/files-2.1/org.jetbrains/annotations/23.0.0/8cc20c07506ec18e0834947b84a864bfc094484e/annotations-23.0.0.jar:/Users/moritzlindner/.gradle/caches/modules-2/files-2.1/com.google.errorprone/error_prone_annotations/2.38.0/fc0ae991433e8590ba51cd558421478318a74c8c/error_prone_annotations-2.38.0.jar:/Users/moritzlindner/.gradle/caches/modules-2/files-2.1/org.antlr/antlr4/4.13.2/a2bc0d399506a7297568baee188b481727d45d3b/antlr4-4.13.2.jar:/Users/moritzlindner/.gradle/caches/modules-2/files-2.1/org.antlr/antlr4-runtime/4.13.2/fc3db6d844df652a3d5db31c87fa12757f13691d/antlr4-runtime-4.13.2.jar:/Users/moritzlindner/.gradle/caches/modules-2/files-2.1/org.jsoup/jsoup/1.21.1/c5dad601fd4c927a5c09ca76e8c1f32de73be97a/jsoup-1.21.1.jar:/Users/moritzlindner/.gradle/caches/modules-2/files-2.1/org.antlr/ST4/4.3.4/bf68d049dd4e6e104055a79ac3bf9e6307d29258/ST4-4.3.4.jar:/Users/moritzlindner/.gradle/caches/modules-2/files-2.1/org.antlr/antlr-runtime/3.5.3/9011fb189c5ed6d99e5f3322514848d1ec1e1416/antlr-runtime-3.5.3.jar:/Users/moritzlindner/.gradle/caches/modules-2/files-2.1/org.abego.treelayout/org.abego.treelayout.core/1.0.3/457216e8e6578099ae63667bb1e4439235892028/org.abego.treelayout.core-1.0.3.jar:/Users/moritzlindner/.gradle/caches/modules-2/files-2.1/com.ibm.icu/icu4j/72.1/bc9057df4b5efddf7f6d1880bf7f3399f4ce5633/icu4j-72.1.jar:/Users/moritzlindner/.gradle/caches/modules-2/files-2.1/org.jetbrains.kotlin/kotlin-daemon-embeddable/2.2.10/212fd3c2c6e4e5d0f4db3c4191233e2b622380cc/kotlin-daemon-embeddable-2.2.10.jar
Launcher Type: SUN_STANDARD

[Global flags]
     intx CICompilerCount                          = 4                                         {product} {ergonomic}
     uint ConcGCThreads                            = 2                                         {product} {ergonomic}
     uint G1ConcRefinementThreads                  = 9                                         {product} {ergonomic}
   size_t G1HeapRegionSize                         = 4194304                                   {product} {ergonomic}
   size_t InitialHeapSize                          = 301989888                                 {product} {ergonomic}
   size_t MarkStackSize                            = 4194304                                   {product} {ergonomic}
   size_t MarkStackSizeMax                         = 536870912                                 {product} {ergonomic}
   size_t MaxHeapSize                              = 4831838208                                {product} {ergonomic}
   size_t MaxNewSize                               = 2898264064                                {product} {ergonomic}
   size_t MinHeapDeltaBytes                        = 4194304                                   {product} {ergonomic}
   size_t MinHeapSize                              = 8388608                                   {product} {ergonomic}
    uintx NonNMethodCodeHeapSize                   = 5832704                                {pd product} {ergonomic}
    uintx NonProfiledCodeHeapSize                  = 122929152                              {pd product} {ergonomic}
    uintx ProfiledCodeHeapSize                     = 122896384                              {pd product} {ergonomic}
    uintx ReservedCodeCacheSize                    = 251658240                              {pd product} {ergonomic}
     bool SegmentedCodeCache                       = true                                      {product} {ergonomic}
   size_t SoftMaxHeapSize                          = 4831838208                             {manageable} {ergonomic}
     bool UseCompressedOops                        = true                           {product lp64_product} {ergonomic}
     bool UseG1GC                                  = true                                      {product} {ergonomic}
     bool UseNUMA                                  = false                                     {product} {ergonomic}
     bool UseNUMAInterleaving                      = false                                     {product} {ergonomic}

Logging:
Log output configuration:
 #0: stdout all=warning uptime,level,tags foldmultilines=false
 #1: stderr all=off uptime,level,tags foldmultilines=false

Release file:
IMPLEMENTOR="Oracle Corporation"
JAVA_RUNTIME_VERSION="25.0.2+10-69"
JAVA_VERSION="25.0.2"
JAVA_VERSION_DATE="2026-01-20"
LIBC="default"
MODULES="java.base java.compiler java.datatransfer java.xml java.prefs java.desktop java.instrument java.logging java.management java.security.sasl java.naming java.rmi java.management.rmi java.net.http java.scripting java.security.jgss java.transaction.xa java.sql java.sql.rowset java.xml.crypto java.se java.smartcardio jdk.accessibility jdk.internal.jvmstat jdk.attach jdk.charsets jdk.internal.opt jdk.zipfs jdk.compiler jdk.crypto.cryptoki jdk.crypto.ec jdk.dynalink jdk.internal.ed jdk.editpad jdk.internal.vm.ci jdk.graal.compiler jdk.graal.compiler.management jdk.hotspot.agent jdk.httpserver jdk.incubator.vector jdk.internal.le jdk.internal.md jdk.jartool jdk.javadoc jdk.jcmd jdk.management jdk.management.agent jdk.jconsole jdk.jdeps jdk.jdwp.agent jdk.jdi jdk.jfr jdk.jlink jdk.jpackage jdk.jshell jdk.jsobject jdk.jstatd jdk.localedata jdk.management.jfr jdk.naming.dns jdk.naming.rmi jdk.net jdk.nio.mapmode jdk.sctp jdk.security.auth jdk.security.jgss jdk.unsupported jdk.unsupported.desktop jdk.xml.dom"
OS_ARCH="aarch64"
OS_NAME="Darwin"
SOURCE=".:git:405a5699ebd0"

Environment Variables:
PATH=/Users/moritzlindner/Library/pnpm/bin:/Users/moritzlindner/.local/bin:/Users/moritzlindner/.nvm/versions/node/v24.16.0/bin:/opt/homebrew/bin:/opt/homebrew/sbin:/usr/local/bin:/System/Cryptexes/App/usr/bin:/usr/bin:/bin:/usr/sbin:/sbin:/var/run/com.apple.security.cryptexd/codex.system/bootstrap/usr/local/bin:/var/run/com.apple.security.cryptexd/codex.system/bootstrap/usr/bin:/var/run/com.apple.security.cryptexd/codex.system/bootstrap/usr/appleinternal/bin:/pkg/env/global/bin:/Library/Apple/usr/bin:/Library/TeX/texbin:/usr/local/share/dotnet:~/.dotnet/tools:/Library/Frameworks/Mono.framework/Versions/Current/Commands:/Applications/Ghostty.app/Contents/MacOS:/Users/moritzlindner/.local/bin:/Users/moritzlindner/Library/Application Support/JetBrains/Toolbox/scripts:/Users/moritzlindner/pspdev/bin
SHELL=/bin/zsh
LANG=en_US.UTF-8
TERM=xterm-ghostty
TMPDIR=/var/folders/0c/jv1ds4r17kd04lfwxh2r8vw80000gn/T/

Active Locale:
LC_ALL=en_US.UTF-8
LC_COLLATE=en_US.UTF-8
LC_CTYPE=en_US.UTF-8
LC_MESSAGES=en_US.UTF-8
LC_MONETARY=en_US.UTF-8
LC_NUMERIC=en_US.UTF-8
LC_TIME=en_US.UTF-8

Signal Handlers:
   SIGSEGV: crash_handler in libjvm.dylib, mask=11100110000111110111111111111111, flags=SA_ONSTACK|SA_RESTART|SA_SIGINFO, unblocked
    SIGBUS: crash_handler in libjvm.dylib, mask=11100110000111110111111111111111, flags=SA_RESTART|SA_SIGINFO, unblocked
    SIGFPE: crash_handler in libjvm.dylib, mask=11100110000111110111111111111111, flags=SA_RESTART|SA_SIGINFO, unblocked
   SIGPIPE: javaSignalHandler in libjvm.dylib, mask=11100110000111110111111111111111, flags=SA_RESTART|SA_SIGINFO, blocked
   SIGXFSZ: javaSignalHandler in libjvm.dylib, mask=11100110000111110111111111111111, flags=SA_RESTART|SA_SIGINFO, blocked
    SIGILL: crash_handler in libjvm.dylib, mask=11100110000111110111111111111111, flags=SA_RESTART|SA_SIGINFO, unblocked
   SIGUSR2: SR_handler in libjvm.dylib, mask=00000000000000000000000000000000, flags=SA_RESTART|SA_SIGINFO, blocked
    SIGHUP: UserHandler in libjvm.dylib, mask=11100110000111110111111111111111, flags=SA_RESTART|SA_SIGINFO, blocked
    SIGINT: UserHandler in libjvm.dylib, mask=11100110000111110111111111111111, flags=SA_RESTART|SA_SIGINFO, blocked
   SIGTERM: UserHandler in libjvm.dylib, mask=11100110000111110111111111111111, flags=SA_RESTART|SA_SIGINFO, blocked
   SIGQUIT: UserHandler in libjvm.dylib, mask=11100110000111110111111111111111, flags=SA_RESTART|SA_SIGINFO, blocked
   SIGTRAP: crash_handler in libjvm.dylib, mask=11100110000111110111111111111111, flags=SA_RESTART|SA_SIGINFO, unblocked


Compilation memory statistics disabled.

Periodic native trim disabled

---------------  S Y S T E M  ---------------

OS:
uname: Darwin 25.5.0 Darwin Kernel Version 25.5.0: Mon Apr 27 20:41:06 PDT 2026; root:xnu-12377.121.6~2/RELEASE_ARM64_T6030 arm64
OS uptime: 7 days 0:45 hours
rlimit (soft/hard): STACK 8176k/65520k , CORE 0k/infinity , NPROC 2666/4000 , NOFILE 1048576/infinity , AS infinity/infinity , CPU infinity/infinity , DATA infinity/infinity , FSIZE infinity/infinity , MEMLOCK infinity/infinity , RSS infinity/infinity
load average: 3.85 4.54 4.87

CPU: total 11 (initial active 11) 0x61:0x0:0x5f4dea93:0, fp, asimd, aes, pmull, sha1, sha256, crc32, lse, sha3, sha512
machdep.cpu.brand_string:Apple M3 Pro
hw.cachelinesize:128
hw.l1icachesize:131072
hw.l1dcachesize:65536
hw.l2cachesize:4194304

Memory: 16k page, physical 18874368k(69808k free), swap 4194304k(458496k free)

vm_info: OpenJDK 64-Bit Server VM (25.0.2+10-69) for bsd-aarch64 JRE (25.0.2+10-69), built on 2025-12-18T11:36:35Z with clang Apple LLVM 15.0.0 (clang-1500.3.9.4)

END.
